step,buffer,mse,ready,delta_mae,delta_mae_x,delta_mae_v,delta_mae_th,delta_mae_om,reward_mae,plan_pred_err,plan_count
0,1000,0.000000,True,0.000114,0.000009,0.000094,0.000084,0.000271,0.000977,0.000476,0
0,2000,0.000000,True,0.000096,0.000005,0.000054,0.000044,0.000282,0.010675,0.000430,0
99,3000,0.000000,True,0.000115,0.000003,0.000107,0.000031,0.000319,0.019344,0.000539,99
399,4000,0.000000,True,0.000147,0.000002,0.000262,0.000019,0.000305,0.009457,0.000715,399
899,4000,0.000000,True,0.000093,0.000002,0.000085,0.000019,0.000266,0.006535,0.000443,899
1499,4000,0.000000,True,0.000199,0.000002,0.000281,0.000028,0.000486,0.003394,0.000964,1499
2099,4000,0.000000,True,0.000100,0.000002,0.000032,0.000019,0.000347,0.004755,0.000478,2099
2699,4000,0.000000,True,0.000132,0.000002,0.000200,0.000015,0.000312,0.016474,0.000645,2699
3299,4000,0.000000,True,0.000086,0.000002,0.000046,0.000019,0.000278,0.009101,0.000410,3299
3899,4000,0.000000,True,0.000161,0.000002,0.000192,0.000034,0.000414,0.005204,0.000764,3899
4499,4000,0.000000,True,0.000084,0.000002,0.000028,0.000020,0.000286,0.005989,0.000397,4499
5099,4000,0.000000,True,0.000080,0.000002,0.000064,0.000019,0.000236,0.010112,0.000379,5099
5699,4000,0.000000,True,0.000097,0.000002,0.000123,0.000024,0.000238,0.013579,0.000457,5699
6299,4000,0.000000,True,0.000125,0.000002,0.000191,0.000027,0.000281,0.009134,0.000594,6299
6899,4000,0.000000,True,0.000167,0.000001,0.000279,0.000030,0.000357,0.008592,0.000800,6899
7499,4000,0.000000,True,0.000114,0.000003,0.000127,0.000056,0.000272,0.001818,0.000507,7499
8099,4000,0.000000,True,0.000224,0.000002,0.000292,0.000066,0.000534,0.004244,0.001042,8099
8699,4000,0.000000,True,0.000238,0.000004,0.000241,0.000042,0.000665,0.008002,0.001141,8699
9299,4000,0.000000,True,0.000198,0.000008,0.000330,0.000049,0.000406,0.011125,0.000936,9299
9899,4000,0.000000,True,0.000167,0.000002,0.000222,0.000035,0.000408,0.008675,0.000794,9899
10499,4000,0.000000,True,0.000172,0.000002,0.000242,0.000019,0.000424,0.005850,0.000837,10499
11099,4000,0.000000,True,0.000179,0.000001,0.000181,0.000037,0.000496,0.005394,0.000851,11099
11699,4000,0.000000,True,0.000280,0.000006,0.000358,0.000060,0.000697,0.015733,0.001333,11699
12299,4000,0.000000,True,0.000364,0.000002,0.000609,0.000055,0.000790,0.008748,0.001757,12299
12899,4000,0.000000,True,0.000177,0.000002,0.000208,0.000032,0.000464,0.013315,0.000846,12899
13499,4000,0.000000,True,0.000159,0.000001,0.000358,0.000027,0.000248,0.007871,0.000762,13499
14099,4000,0.000000,True,0.000117,0.000002,0.000119,0.000017,0.000332,0.004221,0.000566,14099
14699,4000,0.000000,True,0.000083,0.000002,0.000109,0.000014,0.000206,0.004132,0.000397,14699
15299,4000,0.000000,True,0.000342,0.000003,0.000445,0.000051,0.000868,0.003010,0.001650,15299
15899,4000,0.000000,True,0.000228,0.000005,0.000247,0.000072,0.000589,0.004939,0.001059,15899
16499,4000,0.000000,True,0.000107,0.000001,0.000068,0.000023,0.000336,0.003706,0.000508,16499
17099,4000,0.000000,True,0.000117,0.000004,0.000176,0.000027,0.000260,0.011011,0.000553,17099
17699,4000,0.000000,True,0.000190,0.000002,0.000274,0.000053,0.000431,0.014298,0.000890,17699
18299,4000,0.000000,True,0.000136,0.000009,0.000191,0.000046,0.000297,0.021282,0.000626,18299
18899,4000,0.000000,True,0.000147,0.000003,0.000154,0.000029,0.000400,0.028156,0.000700,18899
19499,4000,0.000000,True,0.000102,0.000002,0.000055,0.000015,0.000335,0.006583,0.000491,19499
20099,4000,0.000000,True,0.000111,0.000001,0.000159,0.000017,0.000267,0.004339,0.000536,20099
20699,4000,0.000000,True,0.000091,0.000001,0.000033,0.000010,0.000322,0.003092,0.000446,20699
21299,4000,0.000000,True,0.000161,0.000001,0.000266,0.000054,0.000324,0.014101,0.000744,21299
21899,4000,0.000000,True,0.000063,0.000002,0.000038,0.000016,0.000195,0.009935,0.000295,21899
22499,4000,0.000000,True,0.000108,0.000002,0.000110,0.000021,0.000299,0.009019,0.000516,22499
23099,4000,0.000000,True,0.000190,0.000002,0.000315,0.000033,0.000410,0.018147,0.000911,23099
23699,4000,0.000000,True,0.000195,0.000002,0.000281,0.000040,0.000456,0.008614,0.000928,23699
24299,4000,0.000000,True,0.000204,0.000002,0.000258,0.000052,0.000503,0.007204,0.000959,24299
24899,4000,0.000000,True,0.000136,0.000002,0.000161,0.000046,0.000334,0.005299,0.000626,24899
25499,4000,0.000000,True,0.000128,0.000003,0.000135,0.000048,0.000325,0.014013,0.000584,25499
26099,4000,0.000000,True,0.000098,0.000001,0.000143,0.000011,0.000237,0.006663,0.000477,26099
26699,4000,0.000000,True,0.000106,0.000003,0.000094,0.000016,0.000309,0.006392,0.000509,26699
27299,4000,0.000000,True,0.000128,0.000001,0.000172,0.000035,0.000305,0.016157,0.000601,27299
27899,4000,0.000000,True,0.000176,0.000003,0.000256,0.000051,0.000394,0.002660,0.000822,27899
28499,4000,0.000000,True,0.000109,0.000001,0.000190,0.000019,0.000226,0.006722,0.000523,28499
29099,4000,0.000000,True,0.000169,0.000004,0.000192,0.000081,0.000396,0.012730,0.000750,29099
29699,4000,0.000000,True,0.000095,0.000002,0.000088,0.000023,0.000265,0.007577,0.000446,29699
30299,4000,0.000000,True,0.000096,0.000007,0.000085,0.000040,0.000253,0.015769,0.000434,30299
30899,4000,0.000000,True,0.000159,0.000005,0.000201,0.000037,0.000392,0.002925,0.000751,30899
31499,4000,0.000000,True,0.000172,0.000015,0.000295,0.000030,0.000347,0.013244,0.000824,31499
32099,4000,0.000000,True,0.000152,0.000016,0.000181,0.000032,0.000379,0.011361,0.000722,32099
32699,4000,0.000000,True,0.000105,0.000004,0.000192,0.000012,0.000214,0.003549,0.000513,32699
33299,4000,0.000000,True,0.000074,0.000004,0.000055,0.000018,0.000217,0.006580,0.000346,33299
33899,4000,0.000000,True,0.000159,0.000001,0.000252,0.000032,0.000353,0.006697,0.000760,33899
34499,4000,0.000000,True,0.000118,0.000002,0.000209,0.000021,0.000238,0.006151,0.000564,34499
35099,4000,0.000000,True,0.000169,0.000002,0.000297,0.000032,0.000347,0.003075,0.000810,35099
35699,4000,0.000000,True,0.000230,0.000002,0.000388,0.000035,0.000495,0.004313,0.001108,35699
36299,4000,0.000000,True,0.000193,0.000001,0.000245,0.000059,0.000467,0.006513,0.000897,36299
36899,4000,0.000000,True,0.000082,0.000005,0.000033,0.000016,0.000276,0.011011,0.000394,36899
37499,4000,0.000000,True,0.000117,0.000011,0.000073,0.000069,0.000315,0.010626,0.000505,37499
38099,4000,0.000000,True,0.000095,0.000004,0.000032,0.000024,0.000319,0.005344,0.000446,38099
38699,4000,0.000000,True,0.000151,0.000003,0.000185,0.000041,0.000377,0.006304,0.000710,38699
39299,4000,0.000000,True,0.000146,0.000001,0.000200,0.000023,0.000360,0.022449,0.000704,39299
39899,4000,0.000000,True,0.000135,0.000007,0.000286,0.000028,0.000217,0.012933,0.000641,39899
40499,4000,0.000000,True,0.000117,0.000002,0.000144,0.000028,0.000293,0.004723,0.000552,40499
41099,4000,0.000000,True,0.000107,0.000002,0.000130,0.000020,0.000275,0.002548,0.000510,41099
41699,4000,0.000000,True,0.000441,0.000003,0.000631,0.000128,0.001004,0.017370,0.002059,41699
42299,4000,0.000000,True,0.000109,0.000005,0.000150,0.000021,0.000262,0.006506,0.000523,42299
42899,4000,0.000000,True,0.000112,0.000007,0.000082,0.000037,0.000323,0.004620,0.000519,42899
43499,4000,0.000000,True,0.000115,0.000005,0.000034,0.000012,0.000409,0.007311,0.000562,43499
44099,4000,0.000000,True,0.000188,0.000005,0.000203,0.000073,0.000472,0.029397,0.000857,44099
44699,4000,0.000000,True,0.000105,0.000008,0.000129,0.000026,0.000259,0.014977,0.000497,44699
45299,4000,0.000000,True,0.000103,0.000002,0.000148,0.000015,0.000247,0.002227,0.000497,45299
45899,4000,0.000000,True,0.000125,0.000002,0.000183,0.000024,0.000289,0.001156,0.000596,45899
46499,4000,0.000000,True,0.000127,0.000001,0.000161,0.000025,0.000319,0.003115,0.000604,46499
47099,4000,0.000000,True,0.000098,0.000001,0.000143,0.000027,0.000221,0.006152,0.000459,47099
47699,4000,0.000000,True,0.000118,0.000002,0.000128,0.000019,0.000325,0.004015,0.000570,47699
48299,4000,0.000000,True,0.000074,0.000005,0.000048,0.000012,0.000230,0.004610,0.000354,48299
48899,4000,0.000000,True,0.000127,0.000004,0.000151,0.000019,0.000334,0.005354,0.000612,48899
49499,4000,0.000000,True,0.000171,0.000001,0.000138,0.000035,0.000510,0.008215,0.000815,49499
50099,4000,0.000000,True,0.000230,0.000001,0.000395,0.000055,0.000468,0.007504,0.001086,50099
50699,4000,0.000000,True,0.000071,0.000002,0.000088,0.000024,0.000170,0.014460,0.000328,50699
51299,4000,0.000000,True,0.000116,0.000001,0.000214,0.000017,0.000234,0.003070,0.000562,51299
51899,4000,0.000000,True,0.000089,0.000002,0.000116,0.000014,0.000224,0.003992,0.000429,51899
52499,4000,0.000000,True,0.000089,0.000001,0.000183,0.000020,0.000153,0.006828,0.000424,52499
53099,4000,0.000000,True,0.000101,0.000001,0.000226,0.000031,0.000147,0.012644,0.000471,53099
53699,4000,0.000000,True,0.000177,0.000008,0.000272,0.000068,0.000360,0.008119,0.000807,53699
54299,4000,0.000000,True,0.000101,0.000001,0.000152,0.000015,0.000234,0.015229,0.000486,54299
54899,4000,0.000000,True,0.000149,0.000016,0.000206,0.000019,0.000355,0.014376,0.000722,54899
55499,4000,0.000000,True,0.000106,0.000001,0.000236,0.000015,0.000174,0.006616,0.000515,55499
56099,4000,0.000000,True,0.000187,0.000002,0.000190,0.000022,0.000535,0.005189,0.000910,56099
56699,4000,0.000000,True,0.000188,0.000004,0.000287,0.000019,0.000441,0.014556,0.000917,56699
57299,4000,0.000000,True,0.000094,0.000003,0.000101,0.000012,0.000259,0.005909,0.000455,57299
57899,4000,0.000000,True,0.000136,0.000005,0.000161,0.000029,0.000349,0.009267,0.000646,57899
58499,4000,0.000000,True,0.000111,0.000005,0.000137,0.000017,0.000286,0.012903,0.000538,58499
59099,4000,0.000000,True,0.000113,0.000006,0.000154,0.000012,0.000279,0.005308,0.000550,59099
59699,4000,0.000000,True,0.000124,0.000011,0.000229,0.000021,0.000235,0.006283,0.000596,59699
60299,4000,0.000000,True,0.000107,0.000005,0.000078,0.000024,0.000323,0.003707,0.000509,60299
60899,4000,0.000000,True,0.000104,0.000017,0.000139,0.000013,0.000248,0.012731,0.000505,60899
61499,4000,0.000000,True,0.000190,0.000014,0.000272,0.000032,0.000442,0.006845,0.000913,61499
62099,4000,0.000000,True,0.000083,0.000020,0.000095,0.000017,0.000201,0.011272,0.000395,62099
62699,4000,0.000000,True,0.000157,0.000014,0.000228,0.000025,0.000361,0.010522,0.000755,62699
63299,4000,0.000000,True,0.000118,0.000008,0.000133,0.000037,0.000294,0.006947,0.000548,63299
63899,4000,0.000000,True,0.000077,0.000003,0.000053,0.000012,0.000240,0.004502,0.000371,63899
64499,4000,0.000000,True,0.000155,0.000001,0.000209,0.000034,0.000374,0.004170,0.000734,64499
65099,4000,0.000000,True,0.000139,0.000001,0.000178,0.000020,0.000358,0.010804,0.000673,65099
65699,4000,0.000000,True,0.000116,0.000004,0.000198,0.000012,0.000249,0.012506,0.000565,65699
66299,4000,0.000000,True,0.000242,0.000002,0.000319,0.000045,0.000601,0.005060,0.001158,66299
66899,4000,0.000000,True,0.000113,0.000008,0.000168,0.000019,0.000257,0.010296,0.000542,66899
67499,4000,0.000000,True,0.000095,0.000010,0.000100,0.000012,0.000258,0.017950,0.000460,67499
68099,4000,0.000000,True,0.000090,0.000001,0.000124,0.000013,0.000223,0.003248,0.000436,68099
68699,4000,0.000000,True,0.000153,0.000002,0.000231,0.000026,0.000350,0.004755,0.000733,68699
69299,4000,0.000000,True,0.000152,0.000001,0.000278,0.000038,0.000290,0.001637,0.000716,69299
69899,4000,0.000000,True,0.000058,0.000001,0.000045,0.000010,0.000174,0.007513,0.000277,69899
70499,4000,0.000000,True,0.000072,0.000002,0.000058,0.000019,0.000211,0.003993,0.000340,70499
71099,4000,0.000000,True,0.000146,0.000007,0.000203,0.000041,0.000333,0.002402,0.000683,71099
71699,4000,0.000000,True,0.000110,0.000001,0.000127,0.000018,0.000294,0.000309,0.000530,71699
72299,4000,0.000000,True,0.000128,0.000005,0.000110,0.000030,0.000367,0.003439,0.000606,72299
72899,4000,0.000000,True,0.000155,0.000005,0.000253,0.000035,0.000327,0.005109,0.000736,72899
73499,4000,0.000000,True,0.000137,0.000001,0.000149,0.000031,0.000367,0.004498,0.000650,73499
74099,4000,0.000000,True,0.000103,0.000002,0.000092,0.000028,0.000288,0.011706,0.000480,74099
74699,4000,0.000000,True,0.000120,0.000001,0.000139,0.000017,0.000321,0.009441,0.000578,74699
75299,4000,0.000000,True,0.000408,0.000003,0.000588,0.000077,0.000964,0.016153,0.001951,75299
75899,4000,0.000000,True,0.000136,0.000006,0.000207,0.000012,0.000318,0.005691,0.000666,75899
76499,4000,0.000000,True,0.000133,0.000002,0.000094,0.000025,0.000410,0.003499,0.000635,76499
77099,4000,0.000000,True,0.000096,0.000003,0.000130,0.000030,0.000222,0.008100,0.000446,77099
77699,4000,0.000000,True,0.000229,0.000008,0.000387,0.000026,0.000493,0.012138,0.001112,77699
78299,4000,0.000000,True,0.000081,0.000010,0.000100,0.000034,0.000180,0.005928,0.000365,78299
78899,4000,0.000000,True,0.000099,0.000005,0.000167,0.000024,0.000201,0.001698,0.000468,78899
79499,4000,0.000000,True,0.000124,0.000003,0.000164,0.000032,0.000298,0.011084,0.000585,79499
80099,4000,0.000000,True,0.000116,0.000008,0.000044,0.000021,0.000393,0.007391,0.000558,80099
80699,4000,0.000000,True,0.000222,0.000005,0.000398,0.000041,0.000443,0.004499,0.001061,80699
81299,4000,0.000000,True,0.000077,0.000008,0.000084,0.000023,0.000194,0.005037,0.000359,81299
81899,4000,0.000000,True,0.000063,0.000007,0.000049,0.000009,0.000188,0.007637,0.000305,81899
82499,4000,0.000000,True,0.000103,0.000005,0.000151,0.000015,0.000241,0.013185,0.000496,82499
83099,4000,0.000000,True,0.000126,0.000001,0.000231,0.000016,0.000255,0.004318,0.000610,83099
83699,4000,0.000000,True,0.000085,0.000008,0.000102,0.000024,0.000206,0.007952,0.000396,83699
84299,4000,0.000000,True,0.000212,0.000002,0.000306,0.000047,0.000492,0.008989,0.001005,84299
84899,4000,0.000000,True,0.000073,0.000016,0.000033,0.000021,0.000223,0.012726,0.000341,84899
85499,4000,0.000000,True,0.000109,0.000014,0.000144,0.000024,0.000252,0.006246,0.000515,85499
86099,4000,0.000000,True,0.000096,0.000002,0.000162,0.000016,0.000204,0.008509,0.000461,86099
86699,4000,0.000000,True,0.000066,0.000004,0.000093,0.000017,0.000150,0.014301,0.000311,86699
87299,4000,0.000000,True,0.000146,0.000006,0.000185,0.000024,0.000370,0.019379,0.000704,87299
87899,4000,0.000000,True,0.000109,0.000003,0.000167,0.000010,0.000258,0.005579,0.000535,87899
88499,4000,0.000000,True,0.000140,0.000010,0.000210,0.000045,0.000295,0.007289,0.000649,88499
89099,4000,0.000000,True,0.000159,0.000001,0.000151,0.000047,0.000437,0.007756,0.000741,89099
89699,4000,0.000000,True,0.000163,0.000001,0.000257,0.000049,0.000346,0.004909,0.000760,89699
90299,4000,0.000000,True,0.000060,0.000004,0.000018,0.000023,0.000194,0.009799,0.000272,90299
90899,4000,0.000000,True,0.000112,0.000006,0.000059,0.000028,0.000353,0.006154,0.000525,90899
91499,4000,0.000000,True,0.000112,0.000003,0.000099,0.000054,0.000292,0.003768,0.000498,91499
92099,4000,0.000000,True,0.000120,0.000014,0.000177,0.000023,0.000266,0.004480,0.000574,92099
92699,4000,0.000000,True,0.000217,0.000008,0.000276,0.000061,0.000522,0.010815,0.001013,92699
93299,4000,0.000000,True,0.000068,0.000021,0.000035,0.000022,0.000193,0.006820,0.000312,93299
93899,4000,0.000000,True,0.000095,0.000028,0.000119,0.000010,0.000224,0.014936,0.000463,93899
94499,4000,0.000000,True,0.000079,0.000005,0.000137,0.000010,0.000165,0.019125,0.000385,94499
95099,4000,0.000000,True,0.000083,0.000023,0.000065,0.000013,0.000230,0.011751,0.000398,95099
95699,4000,0.000000,True,0.000143,0.000008,0.000181,0.000046,0.000340,0.011608,0.000664,95699
96299,4000,0.000000,True,0.000110,0.000023,0.000134,0.000013,0.000269,0.016943,0.000533,96299
96899,4000,0.000000,True,0.000272,0.000008,0.000439,0.000051,0.000589,0.008901,0.001301,96899
97499,4000,0.000000,True,0.000245,0.000010,0.000380,0.000046,0.000543,0.006380,0.001171,97499
98099,4000,0.000000,True,0.000283,0.000008,0.000504,0.000048,0.000572,0.012946,0.001359,98099
98699,4000,0.000000,True,0.000372,0.000016,0.000537,0.000091,0.000843,0.015082,0.001753,98699
99299,4000,0.000000,True,0.000262,0.000005,0.000430,0.000069,0.000542,0.004279,0.001228,99299
99899,4000,0.000000,True,0.000120,0.000019,0.000121,0.000035,0.000305,0.013991,0.000558,99899
100499,4000,0.000000,True,0.000139,0.000016,0.000250,0.000029,0.000260,0.011563,0.000659,100499
101099,4000,0.000000,True,0.000106,0.000014,0.000167,0.000012,0.000233,0.009903,0.000518,101099
101699,4000,0.000000,True,0.000112,0.000022,0.000200,0.000017,0.000209,0.003980,0.000539,101699
102299,4000,0.000000,True,0.000290,0.000023,0.000409,0.000044,0.000683,0.010956,0.001397,102299
102899,4000,0.000000,True,0.000085,0.000018,0.000073,0.000010,0.000240,0.006584,0.000413,102899
103499,4000,0.000000,True,0.000255,0.000020,0.000356,0.000059,0.000586,0.001861,0.001208,103499
104099,4000,0.000000,True,0.000287,0.000017,0.000439,0.000062,0.000630,0.002215,0.001362,104099
104699,4000,0.000000,True,0.000195,0.000011,0.000346,0.000067,0.000355,0.013277,0.000896,104699
105299,4000,0.000000,True,0.000101,0.000019,0.000087,0.000028,0.000270,0.010886,0.000472,105299
105899,4000,0.000000,True,0.000151,0.000022,0.000232,0.000034,0.000318,0.006781,0.000717,105899
106499,4000,0.000000,True,0.000180,0.000014,0.000192,0.000049,0.000467,0.004034,0.000846,106499
107099,4000,0.000000,True,0.000197,0.000012,0.000213,0.000066,0.000498,0.008714,0.000910,107099
107699,4000,0.000000,True,0.000111,0.000017,0.000080,0.000033,0.000314,0.004868,0.000517,107699
108299,4000,0.000000,True,0.000119,0.000012,0.000121,0.000012,0.000330,0.016660,0.000579,108299
108899,4000,0.000000,True,0.000241,0.000016,0.000267,0.000099,0.000583,0.009682,0.001093,108899
109499,4000,0.000000,True,0.000099,0.000006,0.000067,0.000024,0.000299,0.006428,0.000466,109499
110099,4000,0.000000,True,0.000160,0.000019,0.000250,0.000076,0.000295,0.024577,0.000712,110099
110699,4000,0.000000,True,0.000207,0.000005,0.000351,0.000074,0.000398,0.005216,0.000949,110699
111299,4000,0.000000,True,0.000131,0.000012,0.000219,0.000029,0.000262,0.006982,0.000620,111299
111899,4000,0.000000,True,0.000084,0.000002,0.000073,0.000031,0.000231,0.018537,0.000386,111899
112499,4000,0.000000,True,0.000117,0.000004,0.000235,0.000018,0.000210,0.016313,0.000562,112499
113099,4000,0.000000,True,0.000061,0.000002,0.000072,0.000015,0.000157,0.011561,0.000290,113099
113699,4000,0.000000,True,0.000120,0.000003,0.000173,0.000018,0.000286,0.020353,0.000579,113699
114299,4000,0.000000,True,0.000131,0.000004,0.000160,0.000033,0.000328,0.008026,0.000618,114299
114899,4000,0.000000,True,0.000061,0.000001,0.000075,0.000023,0.000146,0.006993,0.000281,114899
115499,4000,0.000000,True,0.000325,0.000003,0.000432,0.000074,0.000789,0.006966,0.001538,115499
116099,4000,0.000000,True,0.000105,0.000001,0.000204,0.000029,0.000186,0.012015,0.000491,116099
116699,4000,0.000000,True,0.000166,0.000002,0.000261,0.000040,0.000362,0.024597,0.000786,116699
117299,4000,0.000000,True,0.000100,0.000002,0.000100,0.000021,0.000276,0.008045,0.000475,117299
117899,4000,0.000000,True,0.000304,0.000012,0.000523,0.000050,0.000633,0.022701,0.001464,117899
118499,4000,0.000000,True,0.000279,0.000008,0.000523,0.000071,0.000516,0.016649,0.001315,118499
119099,4000,0.000000,True,0.000074,0.000001,0.000092,0.000015,0.000187,0.014414,0.000352,119099
119699,4000,0.000000,True,0.000128,0.000002,0.000105,0.000037,0.000368,0.008585,0.000598,119699
120299,4000,0.000000,True,0.000110,0.000008,0.000200,0.000027,0.000204,0.006289,0.000518,120299
120899,4000,0.000000,True,0.000095,0.000001,0.000086,0.000020,0.000274,0.006580,0.000454,120899
121499,4000,0.000000,True,0.000050,0.000007,0.000059,0.000017,0.000116,0.002485,0.000229,121499
122099,4000,0.000000,True,0.000055,0.000002,0.000095,0.000010,0.000113,0.001180,0.000264,122099
122699,4000,0.000000,True,0.000088,0.000006,0.000050,0.000017,0.000282,0.008086,0.000423,122699
123299,4000,0.000000,True,0.000333,0.000003,0.000602,0.000105,0.000621,0.013357,0.001543,123299
123899,4000,0.000000,True,0.000089,0.000008,0.000079,0.000019,0.000247,0.005866,0.000420,123899
124499,4000,0.000000,True,0.000253,0.000004,0.000296,0.000065,0.000646,0.001887,0.001190,124499
125099,4000,0.000000,True,0.000078,0.000011,0.000109,0.000041,0.000151,0.020574,0.000343,125099
125699,4000,0.000000,True,0.000273,0.000003,0.000412,0.000061,0.000615,0.010723,0.001293,125699
126299,4000,0.000000,True,0.000123,0.000011,0.000211,0.000017,0.000253,0.018950,0.000594,126299
126899,4000,0.000000,True,0.000299,0.000002,0.000464,0.000090,0.000642,0.007281,0.001394,126899
127499,4000,0.000000,True,0.000067,0.000001,0.000077,0.000010,0.000182,0.013270,0.000325,127499
128099,4000,0.000000,True,0.000203,0.000008,0.000380,0.000050,0.000375,0.015564,0.000960,128099
128699,4000,0.000000,True,0.000129,0.000001,0.000125,0.000022,0.000368,0.023255,0.000619,128699
129299,4000,0.000000,True,0.000149,0.000005,0.000202,0.000043,0.000344,0.032512,0.000693,129299
129899,4000,0.000000,True,0.000088,0.000030,0.000137,0.000017,0.000167,0.007336,0.000417,129899
130499,4000,0.000000,True,0.000103,0.000006,0.000172,0.000022,0.000210,0.006163,0.000488,130499
131099,4000,0.000000,True,0.000140,0.000003,0.000236,0.000022,0.000298,0.013723,0.000673,131099
131699,4000,0.000000,True,0.000061,0.000002,0.000022,0.000010,0.000209,0.004451,0.000293,131699
132299,4000,0.000000,True,0.000090,0.000001,0.000179,0.000034,0.000147,0.013424,0.000412,132299
132899,4000,0.000000,True,0.000099,0.000003,0.000074,0.000026,0.000293,0.007805,0.000466,132899
133499,4000,0.000000,True,0.000164,0.000004,0.000236,0.000029,0.000386,0.013958,0.000785,133499
134099,4000,0.000000,True,0.000081,0.000004,0.000132,0.000013,0.000173,0.012384,0.000388,134099
134699,4000,0.000000,True,0.000111,0.000005,0.000183,0.000012,0.000244,0.006566,0.000541,134699
135299,4000,0.000000,True,0.000410,0.000008,0.000712,0.000094,0.000825,0.008293,0.001940,135299
135899,4000,0.000000,True,0.000061,0.000005,0.000024,0.000021,0.000194,0.003842,0.000281,135899
136499,4000,0.000000,True,0.000042,0.000011,0.000030,0.000007,0.000119,0.001995,0.000200,136499
137099,4000,0.000000,True,0.000290,0.000004,0.000477,0.000065,0.000612,0.003016,0.001373,137099
137699,4000,0.000000,True,0.000091,0.000006,0.000091,0.000046,0.000223,0.015301,0.000404,137699
138299,4000,0.000000,True,0.000060,0.000022,0.000042,0.000009,0.000167,0.007260,0.000289,138299
138899,4000,0.000000,True,0.000098,0.000016,0.000060,0.000021,0.000295,0.012615,0.000465,138899
139499,4000,0.000000,True,0.000173,0.000018,0.000365,0.000030,0.000278,0.010026,0.000829,139499
140099,4000,0.000000,True,0.000227,0.000008,0.000391,0.000055,0.000453,0.011605,0.001071,140099
140699,4000,0.000000,True,0.000089,0.000008,0.000122,0.000020,0.000203,0.021776,0.000419,140699
141299,4000,0.000000,True,0.000067,0.000001,0.000046,0.000014,0.000209,0.014021,0.000321,141299
141899,4000,0.000000,True,0.000148,0.000003,0.000228,0.000038,0.000324,0.001564,0.000697,141899
142499,4000,0.000000,True,0.000262,0.000007,0.000349,0.000079,0.000611,0.001655,0.001218,142499
143099,4000,0.000000,True,0.000075,0.000005,0.000029,0.000020,0.000247,0.029459,0.000353,143099
143699,4000,0.000000,True,0.000077,0.000022,0.000075,0.000036,0.000175,0.019905,0.000342,143699
144299,4000,0.000000,True,0.000054,0.000003,0.000019,0.000017,0.000177,0.004494,0.000250,144299
144899,4000,0.000000,True,0.000156,0.000002,0.000227,0.000050,0.000345,0.007616,0.000723,144899
145499,4000,0.000000,True,0.000084,0.000013,0.000110,0.000018,0.000196,0.009801,0.000400,145499
146099,4000,0.000000,True,0.000140,0.000026,0.000233,0.000043,0.000259,0.011146,0.000651,146099
146699,4000,0.000000,True,0.000094,0.000013,0.000161,0.000022,0.000180,0.013854,0.000444,146699
147299,4000,0.000000,True,0.000096,0.000007,0.000176,0.000016,0.000185,0.008978,0.000461,147299
147899,4000,0.000000,True,0.000079,0.000005,0.000085,0.000027,0.000199,0.017373,0.000365,147899
148499,4000,0.000000,True,0.000070,0.000001,0.000101,0.000019,0.000158,0.007957,0.000327,148499
149099,4000,0.000000,True,0.000217,0.000004,0.000212,0.000049,0.000604,0.014382,0.001030,149099
149699,4000,0.000000,True,0.000079,0.000013,0.000091,0.000027,0.000184,0.027469,0.000362,149699
150299,4000,0.000000,True,0.000387,0.000011,0.000710,0.000088,0.000737,0.005191,0.001831,150299
150899,4000,0.000000,True,0.000188,0.000003,0.000287,0.000036,0.000424,0.010366,0.000897,150899
151499,4000,0.000000,True,0.000284,0.000002,0.000441,0.000060,0.000635,0.012812,0.001353,151499
152099,4000,0.000000,True,0.000096,0.000001,0.000103,0.000031,0.000247,0.008411,0.000443,152099
152699,4000,0.000000,True,0.000106,0.000001,0.000093,0.000015,0.000316,0.008753,0.000514,152699
153299,4000,0.000000,True,0.000102,0.000002,0.000108,0.000009,0.000289,0.003699,0.000500,153299
153899,4000,0.000000,True,0.000078,0.000004,0.000062,0.000011,0.000234,0.001486,0.000376,153899
154499,4000,0.000000,True,0.000129,0.000009,0.000147,0.000034,0.000327,0.020834,0.000606,154499
155099,4000,0.000000,True,0.000182,0.000005,0.000309,0.000027,0.000386,0.013137,0.000878,155099
155699,4000,0.000000,True,0.000178,0.000009,0.000237,0.000032,0.000436,0.019690,0.000855,155699
156299,4000,0.000000,True,0.000068,0.000006,0.000072,0.000015,0.000180,0.017615,0.000324,156299
156899,4000,0.000000,True,0.000079,0.000005,0.000115,0.000007,0.000189,0.001866,0.000386,156899
157499,4000,0.000000,True,0.000093,0.000008,0.000165,0.000010,0.000188,0.006098,0.000452,157499
158099,4000,0.000000,True,0.000070,0.000011,0.000068,0.000011,0.000189,0.018555,0.000335,158099
158699,4000,0.000000,True,0.000115,0.000002,0.000135,0.000033,0.000289,0.005630,0.000536,158699
159299,4000,0.000000,True,0.000293,0.000001,0.000443,0.000048,0.000681,0.010591,0.001411,159299
159899,4000,0.000000,True,0.000099,0.000002,0.000117,0.000027,0.000249,0.006615,0.000463,159899
160499,4000,0.000000,True,0.000078,0.000015,0.000029,0.000016,0.000253,0.030603,0.000373,160499
161099,4000,0.000000,True,0.000179,0.000003,0.000309,0.000048,0.000355,0.009464,0.000839,161099
161699,4000,0.000000,True,0.000109,0.000007,0.000226,0.000012,0.000190,0.011473,0.000530,161699
162299,4000,0.000000,True,0.000075,0.000002,0.000154,0.000027,0.000118,0.004202,0.000346,162299
162899,4000,0.000000,True,0.000114,0.000020,0.000023,0.000035,0.000380,0.019192,0.000531,162899
163499,4000,0.000000,True,0.000205,0.000010,0.000351,0.000050,0.000407,0.003124,0.000965,163499
164099,4000,0.000000,True,0.000144,0.000015,0.000239,0.000031,0.000290,0.006244,0.000683,164099
164699,4000,0.000000,True,0.000050,0.000020,0.000040,0.000011,0.000130,0.005548,0.000238,164699
165299,4000,0.000000,True,0.000271,0.000013,0.000492,0.000067,0.000512,0.010116,0.001278,165299
165899,4000,0.000000,True,0.000147,0.000007,0.000196,0.000065,0.000318,0.022596,0.000658,165899
166499,4000,0.000000,True,0.000099,0.000018,0.000163,0.000020,0.000194,0.011212,0.000470,166499
167099,4000,0.000000,True,0.000070,0.000020,0.000111,0.000043,0.000105,0.015843,0.000298,167099
167699,4000,0.000000,True,0.000143,0.000018,0.000185,0.000025,0.000345,0.016725,0.000687,167699
168299,4000,0.000000,True,0.000070,0.000005,0.000063,0.000023,0.000190,0.005918,0.000324,168299
168899,4000,0.000000,True,0.000087,0.000006,0.000102,0.000011,0.000231,0.012333,0.000425,168899
169499,4000,0.000000,True,0.000107,0.000006,0.000053,0.000034,0.000334,0.012110,0.000495,169499
170099,4000,0.000000,True,0.000159,0.000007,0.000144,0.000025,0.000458,0.015755,0.000763,170099
170699,4000,0.000000,True,0.000067,0.000008,0.000143,0.000017,0.000099,0.002888,0.000314,170699
171299,4000,0.000000,True,0.000099,0.000017,0.000135,0.000037,0.000207,0.020052,0.000452,171299
171899,4000,0.000000,True,0.000131,0.000033,0.000227,0.000029,0.000233,0.017994,0.000618,171899
172499,4000,0.000000,True,0.000311,0.000004,0.000388,0.000059,0.000793,0.009757,0.001488,172499
173099,4000,0.000000,True,0.000298,0.000006,0.000422,0.000092,0.000675,0.011686,0.001387,173099
173699,4000,0.000000,True,0.000273,0.000011,0.000493,0.000040,0.000547,0.003698,0.001317,173699
174299,4000,0.000000,True,0.000123,0.000007,0.000174,0.000058,0.000254,0.006090,0.000549,174299
174899,4000,0.000000,True,0.000074,0.000008,0.000091,0.000014,0.000182,0.013854,0.000353,174899
175499,4000,0.000000,True,0.000212,0.000013,0.000201,0.000043,0.000592,0.037303,0.001012,175499
176099,4000,0.000000,True,0.000229,0.000007,0.000304,0.000073,0.000530,0.016473,0.001059,176099
176699,4000,0.000000,True,0.000124,0.000003,0.000205,0.000030,0.000258,0.002813,0.000585,176699
177299,4000,0.000000,True,0.000064,0.000008,0.000073,0.000015,0.000159,0.011490,0.000301,177299
177899,4000,0.000000,True,0.000202,0.000005,0.000412,0.000040,0.000353,0.014932,0.000966,177899
178499,4000,0.000000,True,0.000048,0.000001,0.000037,0.000014,0.000141,0.007641,0.000225,178499
179099,4000,0.000000,True,0.000100,0.000001,0.000049,0.000054,0.000295,0.018910,0.000437,179099
179699,4000,0.000000,True,0.000120,0.000002,0.000182,0.000039,0.000258,0.008872,0.000556,179699
180299,4000,0.000000,True,0.000293,0.000003,0.000488,0.000063,0.000617,0.003463,0.001391,180299
180899,4000,0.000000,True,0.000144,0.000003,0.000207,0.000019,0.000346,0.013033,0.000696,180899
181499,4000,0.000000,True,0.000169,0.000005,0.000243,0.000032,0.000397,0.016005,0.000810,181499
182099,4000,0.000000,True,0.000139,0.000004,0.000236,0.000026,0.000290,0.017647,0.000666,182099
182699,4000,0.000000,True,0.000088,0.000001,0.000212,0.000020,0.000120,0.006908,0.000419,182699
183299,4000,0.000000,True,0.000086,0.000003,0.000072,0.000026,0.000242,0.002629,0.000399,183299
183899,4000,0.000000,True,0.000077,0.000003,0.000098,0.000019,0.000187,0.011784,0.000362,183899
184499,4000,0.000000,True,0.000121,0.000001,0.000195,0.000013,0.000275,0.005252,0.000590,184499
185099,4000,0.000000,True,0.000109,0.000002,0.000198,0.000012,0.000223,0.001990,0.000529,185099
185699,4000,0.000000,True,0.000068,0.000001,0.000028,0.000031,0.000213,0.003119,0.000306,185699
186299,4000,0.000000,True,0.000100,0.000002,0.000076,0.000014,0.000309,0.008525,0.000485,186299
186899,4000,0.000000,True,0.000242,0.000004,0.000336,0.000081,0.000548,0.023555,0.001118,186899
187499,4000,0.000000,True,0.000068,0.000001,0.000109,0.000015,0.000148,0.003264,0.000325,187499
188099,4000,0.000000,True,0.000108,0.000001,0.000145,0.000016,0.000270,0.005385,0.000522,188099
188699,4000,0.000000,True,0.000195,0.000005,0.000249,0.000054,0.000471,0.013934,0.000912,188699
189299,4000,0.000000,True,0.000237,0.000002,0.000332,0.000046,0.000567,0.009297,0.001132,189299
189899,4000,0.000000,True,0.000074,0.000004,0.000072,0.000034,0.000188,0.006588,0.000333,189899
190499,4000,0.000000,True,0.000186,0.000005,0.000273,0.000049,0.000418,0.009012,0.000875,190499
191099,4000,0.000000,True,0.000126,0.000003,0.000167,0.000034,0.000299,0.007235,0.000590,191099
191699,4000,0.000000,True,0.000084,0.000002,0.000053,0.000029,0.000252,0.007338,0.000386,191699
192299,4000,0.000000,True,0.000104,0.000002,0.000191,0.000028,0.000195,0.015049,0.000487,192299
192899,4000,0.000000,True,0.000149,0.000005,0.000239,0.000022,0.000331,0.009544,0.000720,192899
193499,4000,0.000000,True,0.000064,0.000004,0.000119,0.000019,0.000116,0.012139,0.000300,193499
194099,4000,0.000000,True,0.000133,0.000001,0.000161,0.000007,0.000364,0.011647,0.000659,194099
194699,4000,0.000000,True,0.000125,0.000002,0.000182,0.000046,0.000270,0.017377,0.000571,194699
195299,4000,0.000000,True,0.000288,0.000004,0.000362,0.000084,0.000702,0.034353,0.001343,195299
195899,4000,0.000000,True,0.000140,0.000003,0.000288,0.000018,0.000250,0.012282,0.000677,195899
196499,4000,0.000000,True,0.000105,0.000001,0.000053,0.000014,0.000352,0.002844,0.000510,196499
197099,4000,0.000000,True,0.000181,0.000002,0.000367,0.000038,0.000315,0.007991,0.000859,197099
197699,4000,0.000000,True,0.000111,0.000001,0.000084,0.000021,0.000336,0.009805,0.000529,197699
198299,4000,0.000000,True,0.000057,0.000005,0.000085,0.000012,0.000125,0.021818,0.000270,198299
198899,4000,0.000000,True,0.000244,0.000008,0.000410,0.000074,0.000486,0.020461,0.001137,198899
199499,4000,0.000000,True,0.000137,0.000002,0.000305,0.000034,0.000206,0.009048,0.000645,199499
200099,4000,0.000000,True,0.000091,0.000008,0.000086,0.000032,0.000239,0.004594,0.000419,200099
200699,4000,0.000000,True,0.000148,0.000008,0.000155,0.000036,0.000392,0.010330,0.000697,200699
201299,4000,0.000000,True,0.000116,0.000007,0.000228,0.000029,0.000198,0.024916,0.000544,201299
201899,4000,0.000000,True,0.000262,0.000004,0.000418,0.000069,0.000557,0.006481,0.001230,201899
202499,4000,0.000000,True,0.000312,0.000004,0.000462,0.000058,0.000723,0.004371,0.001493,202499
203099,4000,0.000000,True,0.000250,0.000007,0.000471,0.000059,0.000463,0.002498,0.001181,203099
203699,4000,0.000000,True,0.000274,0.000008,0.000368,0.000034,0.000685,0.003275,0.001330,203699
204299,4000,0.000000,True,0.000085,0.000015,0.000091,0.000019,0.000215,0.007674,0.000403,204299
204899,4000,0.000000,True,0.000073,0.000005,0.000114,0.000031,0.000144,0.007408,0.000331,204899
205499,4000,0.000000,True,0.000084,0.000008,0.000131,0.000032,0.000165,0.024506,0.000383,205499
206099,4000,0.000000,True,0.000074,0.000002,0.000114,0.000019,0.000161,0.007722,0.000350,206099
206699,4000,0.000000,True,0.000130,0.000001,0.000307,0.000024,0.000188,0.007100,0.000622,206699
207299,4000,0.000000,True,0.000093,0.000003,0.000155,0.000009,0.000204,0.005929,0.000453,207299
207899,4000,0.000000,True,0.000111,0.000007,0.000199,0.000029,0.000209,0.016845,0.000522,207899
208499,4000,0.000000,True,0.000112,0.000002,0.000196,0.000041,0.000208,0.018605,0.000511,208499
209099,4000,0.000000,True,0.000129,0.000002,0.000107,0.000031,0.000375,0.008630,0.000608,209099
209699,4000,0.000000,True,0.000216,0.000003,0.000201,0.000055,0.000607,0.010091,0.001019,209699
210299,4000,0.000000,True,0.000077,0.000002,0.000079,0.000019,0.000210,0.014837,0.000365,210299
210899,4000,0.000000,True,0.000057,0.000002,0.000103,0.000014,0.000112,0.007814,0.000272,210899
211499,4000,0.000000,True,0.000195,0.000001,0.000268,0.000044,0.000469,0.002516,0.000927,211499
212099,4000,0.000000,True,0.000152,0.000002,0.000169,0.000034,0.000405,0.012094,0.000723,212099
212699,4000,0.000000,True,0.000082,0.000002,0.000175,0.000007,0.000145,0.009813,0.000403,212699
213299,4000,0.000000,True,0.000079,0.000001,0.000186,0.000013,0.000117,0.008872,0.000381,213299
213899,4000,0.000000,True,0.000148,0.000001,0.000273,0.000045,0.000274,0.001617,0.000690,213899
214499,4000,0.000000,True,0.000141,0.000004,0.000173,0.000028,0.000357,0.002845,0.000671,214499
215099,4000,0.000000,True,0.000318,0.000011,0.000532,0.000080,0.000651,0.017553,0.001501,215099
215699,4000,0.000000,True,0.000402,0.000008,0.000628,0.000071,0.000902,0.025792,0.001930,215699
216299,4000,0.000000,True,0.000111,0.000001,0.000062,0.000031,0.000351,0.007609,0.000521,216299
216899,4000,0.000000,True,0.000147,0.000002,0.000225,0.000009,0.000352,0.010730,0.000724,216899
217499,4000,0.000000,True,0.000110,0.000002,0.000174,0.000050,0.000216,0.006419,0.000495,217499
218099,4000,0.000000,True,0.000079,0.000006,0.000151,0.000019,0.000140,0.011505,0.000374,218099
218699,4000,0.000000,True,0.000086,0.000005,0.000117,0.000027,0.000195,0.009796,0.000399,218699
219299,4000,0.000000,True,0.000067,0.000001,0.000092,0.000010,0.000164,0.007837,0.000322,219299
219899,4000,0.000000,True,0.000120,0.000006,0.000178,0.000045,0.000252,0.005009,0.000549,219899
220499,4000,0.000000,True,0.000210,0.000031,0.000321,0.000016,0.000472,0.028678,0.001030,220499
221099,4000,0.000000,True,0.000063,0.000023,0.000085,0.000039,0.000105,0.012137,0.000270,221099
221699,4000,0.000000,True,0.000091,0.000014,0.000194,0.000017,0.000138,0.010050,0.000434,221699
222299,4000,0.000000,True,0.000095,0.000007,0.000159,0.000011,0.000204,0.014741,0.000463,222299
222899,4000,0.000000,True,0.000070,0.000006,0.000060,0.000018,0.000194,0.014893,0.000327,222899
223499,4000,0.000000,True,0.000046,0.000001,0.000034,0.000020,0.000129,0.009319,0.000208,223499
224099,4000,0.000000,True,0.000106,0.000001,0.000190,0.000018,0.000217,0.011558,0.000511,224099
224699,4000,0.000000,True,0.000085,0.000004,0.000144,0.000009,0.000183,0.014659,0.000415,224699
225299,4000,0.000000,True,0.000107,0.000001,0.000027,0.000042,0.000356,0.008351,0.000484,225299
225899,4000,0.000000,True,0.000095,0.000001,0.000097,0.000038,0.000242,0.006334,0.000429,225899
226499,4000,0.000000,True,0.000084,0.000004,0.000107,0.000025,0.000202,0.012316,0.000393,226499
227099,4000,0.000000,True,0.000089,0.000003,0.000169,0.000009,0.000175,0.006196,0.000435,227099
227699,4000,0.000000,True,0.000335,0.000014,0.000435,0.000086,0.000805,0.007183,0.001577,227699
228299,4000,0.000000,True,0.000140,0.000003,0.000199,0.000016,0.000342,0.008125,0.000681,228299
228899,4000,0.000000,True,0.000174,0.000004,0.000190,0.000049,0.000453,0.007152,0.000813,228899
229499,4000,0.000000,True,0.000199,0.000011,0.000284,0.000012,0.000491,0.027816,0.000983,229499
230099,4000,0.000000,True,0.000155,0.000004,0.000289,0.000019,0.000309,0.014426,0.000754,230099
230699,4000,0.000000,True,0.000205,0.000003,0.000387,0.000050,0.000381,0.006418,0.000969,230699
231299,4000,0.000000,True,0.000071,0.000006,0.000065,0.000029,0.000186,0.007897,0.000323,231299
231899,4000,0.000000,True,0.000157,0.000016,0.000151,0.000049,0.000410,0.009505,0.000726,231899
232499,4000,0.000000,True,0.000321,0.000008,0.000573,0.000072,0.000633,0.013241,0.001524,232499
233099,4000,0.000000,True,0.000091,0.000001,0.000151,0.000018,0.000192,0.012998,0.000432,233099
233699,4000,0.000000,True,0.000097,0.000002,0.000165,0.000035,0.000186,0.011470,0.000444,233699
234299,4000,0.000000,True,0.000087,0.000005,0.000167,0.000029,0.000146,0.006735,0.000400,234299
234899,4000,0.000000,True,0.000100,0.000003,0.000113,0.000012,0.000272,0.007339,0.000486,234899
235499,4000,0.000000,True,0.000066,0.000001,0.000092,0.000009,0.000161,0.003307,0.000319,235499
236099,4000,0.000000,True,0.000213,0.000004,0.000287,0.000053,0.000508,0.005152,0.001005,236099
236699,4000,0.000000,True,0.000064,0.000003,0.000052,0.000017,0.000185,0.016061,0.000302,236699
237299,4000,0.000000,True,0.000160,0.000001,0.000276,0.000038,0.000324,0.010646,0.000756,237299
237899,4000,0.000000,True,0.000041,0.000001,0.000024,0.000009,0.000130,0.019549,0.000194,237899
238499,4000,0.000000,True,0.000241,0.000003,0.000332,0.000032,0.000596,0.007652,0.001168,238499
239099,4000,0.000000,True,0.000296,0.000006,0.000480,0.000069,0.000631,0.008643,0.001403,239099
239699,4000,0.000000,True,0.000221,0.000003,0.000297,0.000064,0.000521,0.007802,0.001032,239699
240299,4000,0.000000,True,0.000130,0.000002,0.000199,0.000037,0.000283,0.005559,0.000609,240299
240899,4000,0.000000,True,0.000097,0.000002,0.000189,0.000014,0.000183,0.004521,0.000469,240899
241499,4000,0.000000,True,0.000092,0.000003,0.000053,0.000019,0.000291,0.008978,0.000435,241499
242099,4000,0.000000,True,0.000096,0.000003,0.000123,0.000046,0.000213,0.005855,0.000427,242099
242699,4000,0.000000,True,0.000187,0.000009,0.000220,0.000038,0.000479,0.007078,0.000889,242699
243299,4000,0.000000,True,0.000170,0.000005,0.000260,0.000036,0.000380,0.009767,0.000809,243299
243899,4000,0.000000,True,0.000207,0.000003,0.000206,0.000074,0.000546,0.002452,0.000951,243899
244499,4000,0.000000,True,0.000075,0.000003,0.000154,0.000009,0.000133,0.012281,0.000363,244499
245099,4000,0.000000,True,0.000104,0.000006,0.000197,0.000032,0.000183,0.008711,0.000486,245099
245699,4000,0.000000,True,0.000154,0.000001,0.000284,0.000030,0.000301,0.004060,0.000734,245699
246299,4000,0.000000,True,0.000295,0.000001,0.000525,0.000067,0.000586,0.007711,0.001396,246299
246899,4000,0.000000,True,0.000069,0.000002,0.000130,0.000012,0.000132,0.010445,0.000332,246899
247499,4000,0.000000,True,0.000143,0.000002,0.000239,0.000019,0.000312,0.004019,0.000693,247499
248099,4000,0.000000,True,0.000078,0.000004,0.000132,0.000015,0.000161,0.009724,0.000373,248099
248699,4000,0.000000,True,0.000057,0.000007,0.000076,0.000013,0.000132,0.004641,0.000270,248699
249299,4000,0.000000,True,0.000073,0.000006,0.000061,0.000012,0.000212,0.017134,0.000350,249299
249899,4000,0.000000,True,0.000066,0.000001,0.000068,0.000017,0.000180,0.007996,0.000313,249899
250499,4000,0.000000,True,0.000137,0.000004,0.000220,0.000042,0.000281,0.004065,0.000636,250499
251099,4000,0.000000,True,0.000151,0.000003,0.000193,0.000029,0.000378,0.001982,0.000721,251099
251699,4000,0.000000,True,0.000124,0.000001,0.000192,0.000030,0.000273,0.008483,0.000585,251699
252299,4000,0.000000,True,0.000105,0.000001,0.000199,0.000025,0.000195,0.007601,0.000495,252299
252899,4000,0.000000,True,0.000077,0.000001,0.000086,0.000012,0.000211,0.008337,0.000373,252899
253499,4000,0.000000,True,0.000061,0.000009,0.000036,0.000009,0.000190,0.007411,0.000294,253499
254099,4000,0.000000,True,0.000092,0.000001,0.000109,0.000017,0.000240,0.008503,0.000439,254099
254699,4000,0.000000,True,0.000188,0.000009,0.000234,0.000058,0.000449,0.020996,0.000871,254699
255299,4000,0.000000,True,0.000109,0.000005,0.000162,0.000024,0.000244,0.011999,0.000517,255299
255899,4000,0.000000,True,0.000086,0.000004,0.000177,0.000021,0.000141,0.007236,0.000405,255899
256499,4000,0.000000,True,0.000087,0.000003,0.000127,0.000010,0.000207,0.010060,0.000422,256499
257099,4000,0.000000,True,0.000252,0.000006,0.000260,0.000044,0.000697,0.012614,0.001209,257099
257699,4000,0.000000,True,0.000057,0.000001,0.000085,0.000014,0.000127,0.013972,0.000268,257699
258299,4000,0.000000,True,0.000138,0.000006,0.000244,0.000015,0.000288,0.004020,0.000675,258299
258899,4000,0.000000,True,0.000129,0.000004,0.000174,0.000028,0.000308,0.003880,0.000611,258899
259499,4000,0.000000,True,0.000284,0.000016,0.000415,0.000112,0.000594,0.029136,0.001293,259499
260099,4000,0.000000,True,0.000209,0.000003,0.000317,0.000039,0.000478,0.004449,0.001002,260099
260699,4000,0.000000,True,0.000154,0.000003,0.000283,0.000045,0.000283,0.006657,0.000717,260699
261299,4000,0.000000,True,0.000213,0.000009,0.000414,0.000041,0.000389,0.012092,0.001018,261299
261899,4000,0.000000,True,0.000142,0.000002,0.000176,0.000015,0.000375,0.004895,0.000692,261899
262499,4000,0.000000,True,0.000211,0.000002,0.000321,0.000056,0.000463,0.007443,0.000989,262499
263099,4000,0.000000,True,0.000403,0.000007,0.000620,0.000103,0.000880,0.009204,0.001895,263099
263699,4000,0.000000,True,0.000062,0.000005,0.000097,0.000023,0.000121,0.017465,0.000281,263699
264299,4000,0.000000,True,0.000090,0.000004,0.000076,0.000016,0.000266,0.006148,0.000434,264299
264899,4000,0.000000,True,0.000069,0.000003,0.000144,0.000012,0.000116,0.006003,0.000331,264899
265499,4000,0.000000,True,0.000159,0.000004,0.000301,0.000025,0.000305,0.009688,0.000765,265499
266099,4000,0.000000,True,0.000139,0.000003,0.000189,0.000048,0.000315,0.005928,0.000639,266099
266699,4000,0.000000,True,0.000280,0.000004,0.000427,0.000078,0.000613,0.018060,0.001313,266699
267299,4000,0.000000,True,0.000334,0.000006,0.000523,0.000062,0.000745,0.003027,0.001598,267299
267899,4000,0.000000,True,0.000072,0.000004,0.000055,0.000010,0.000217,0.004105,0.000346,267899
268499,4000,0.000000,True,0.000189,0.000001,0.000290,0.000052,0.000411,0.009667,0.000883,268499
269099,4000,0.000000,True,0.000084,0.000006,0.000108,0.000012,0.000209,0.005019,0.000405,269099
269699,4000,0.000000,True,0.000229,0.000008,0.000385,0.000053,0.000468,0.007259,0.001082,269699
270299,4000,0.000000,True,0.000122,0.000002,0.000251,0.000025,0.000209,0.008812,0.000580,270299
270899,4000,0.000000,True,0.000075,0.000003,0.000052,0.000008,0.000237,0.005814,0.000366,270899
271499,4000,0.000000,True,0.000092,0.000001,0.000133,0.000024,0.000213,0.010167,0.000435,271499
272099,4000,0.000000,True,0.000110,0.000002,0.000098,0.000013,0.000328,0.006451,0.000535,272099
272699,4000,0.000000,True,0.000062,0.000002,0.000080,0.000013,0.000154,0.003386,0.000296,272699
273299,4000,0.000000,True,0.000081,0.000002,0.000083,0.000025,0.000212,0.010243,0.000375,273299
273899,4000,0.000000,True,0.000146,0.000002,0.000157,0.000027,0.000397,0.013262,0.000697,273899
274499,4000,0.000000,True,0.000060,0.000001,0.000049,0.000026,0.000164,0.006404,0.000269,274499
275099,4000,0.000000,True,0.000275,0.000004,0.000319,0.000078,0.000699,0.019089,0.001285,275099
275699,4000,0.000000,True,0.000055,0.000003,0.000122,0.000009,0.000086,0.021433,0.000263,275699
276299,4000,0.000000,True,0.000220,0.000001,0.000304,0.000042,0.000531,0.023196,0.001049,276299
276899,4000,0.000000,True,0.000076,0.000003,0.000123,0.000021,0.000154,0.003629,0.000354,276899
277499,4000,0.000000,True,0.000116,0.000002,0.000186,0.000034,0.000243,0.006234,0.000543,277499
278099,4000,0.000000,True,0.000161,0.000007,0.000271,0.000051,0.000317,0.006776,0.000749,278099
278699,4000,0.000000,True,0.000142,0.000012,0.000167,0.000016,0.000372,0.008113,0.000690,278699
279299,4000,0.000000,True,0.000136,0.000008,0.000259,0.000013,0.000265,0.003488,0.000666,279299
279899,4000,0.000000,True,0.000208,0.000005,0.000371,0.000054,0.000403,0.004555,0.000980,279899
280499,4000,0.000000,True,0.000130,0.000009,0.000229,0.000037,0.000245,0.012923,0.000608,280499
281099,4000,0.000000,True,0.000106,0.000008,0.000162,0.000008,0.000247,0.005260,0.000521,281099
281699,4000,0.000000,True,0.000180,0.000010,0.000341,0.000030,0.000339,0.011251,0.000864,281699
282299,4000,0.000000,True,0.000198,0.000019,0.000357,0.000053,0.000360,0.027033,0.000926,282299
282899,4000,0.000000,True,0.000101,0.000009,0.000121,0.000045,0.000231,0.008132,0.000456,282899
283499,4000,0.000000,True,0.000100,0.000004,0.000273,0.000027,0.000098,0.002646,0.000470,283499
284099,4000,0.000000,True,0.000154,0.000004,0.000217,0.000027,0.000366,0.022289,0.000737,284099
284699,4000,0.000000,True,0.000151,0.000012,0.000212,0.000040,0.000340,0.014457,0.000708,284699
285299,4000,0.000000,True,0.000150,0.000020,0.000250,0.000063,0.000266,0.014680,0.000675,285299
285899,4000,0.000000,True,0.000266,0.000010,0.000272,0.000080,0.000704,0.001889,0.001240,285899
286499,4000,0.000000,True,0.000062,0.000017,0.000069,0.000030,0.000133,0.011548,0.000275,286499
287099,4000,0.000000,True,0.000083,0.000018,0.000086,0.000019,0.000208,0.008016,0.000391,287099
287699,4000,0.000000,True,0.000065,0.000005,0.000051,0.000015,0.000191,0.011043,0.000310,287699
288299,4000,0.000000,True,0.000183,0.000005,0.000299,0.000042,0.000387,0.016379,0.000869,288299
288899,4000,0.000000,True,0.000141,0.000008,0.000239,0.000018,0.000299,0.005505,0.000684,288899
289499,4000,0.000000,True,0.000079,0.000003,0.000101,0.000022,0.000191,0.005004,0.000370,289499
290099,4000,0.000000,True,0.000168,0.000003,0.000260,0.000040,0.000369,0.001627,0.000794,290099
290699,4000,0.000000,True,0.000239,0.000004,0.000394,0.000060,0.000497,0.014487,0.001126,290699
291299,4000,0.000000,True,0.000228,0.000005,0.000339,0.000044,0.000525,0.008602,0.001092,291299
291899,4000,0.000000,True,0.000043,0.000026,0.000019,0.000011,0.000117,0.007653,0.000202,291899
292499,4000,0.000000,True,0.000151,0.000009,0.000239,0.000048,0.000306,0.009417,0.000697,292499
293099,4000,0.000000,True,0.000066,0.000022,0.000104,0.000012,0.000126,0.005577,0.000315,293099
293699,4000,0.000000,True,0.000121,0.000002,0.000142,0.000026,0.000313,0.008989,0.000574,293699
294299,4000,0.000000,True,0.000085,0.000002,0.000064,0.000045,0.000230,0.007928,0.000375,294299
294899,4000,0.000000,True,0.000257,0.000005,0.000346,0.000067,0.000610,0.009261,0.001208,294899
295499,4000,0.000000,True,0.000059,0.000001,0.000101,0.000014,0.000120,0.020806,0.000279,295499
296099,4000,0.000000,True,0.000459,0.000006,0.000702,0.000131,0.000997,0.005743,0.002144,296099
296699,4000,0.000000,True,0.000145,0.000010,0.000273,0.000015,0.000282,0.013138,0.000707,296699
297299,4000,0.000000,True,0.000055,0.000004,0.000077,0.000030,0.000110,0.018408,0.000241,297299
297899,4000,0.000000,True,0.000246,0.000004,0.000466,0.000064,0.000449,0.008870,0.001154,297899
298499,4000,0.000000,True,0.000138,0.000002,0.000209,0.000021,0.000319,0.004753,0.000663,298499
299099,4000,0.000000,True,0.000064,0.000002,0.000121,0.000026,0.000109,0.009175,0.000292,299099
299699,4000,0.000000,True,0.000043,0.000004,0.000017,0.000011,0.000138,0.008218,0.000200,299699
300299,4000,0.000000,True,0.000132,0.000003,0.000295,0.000018,0.000212,0.009802,0.000639,300299
300899,4000,0.000000,True,0.000051,0.000006,0.000071,0.000016,0.000110,0.004118,0.000235,300899
301499,4000,0.000000,True,0.000204,0.000011,0.000246,0.000036,0.000521,0.010388,0.000976,301499
302099,4000,0.000000,True,0.000161,0.000022,0.000248,0.000055,0.000319,0.004943,0.000741,302099
302699,4000,0.000000,True,0.000204,0.000010,0.000489,0.000031,0.000285,0.022373,0.000983,302699
303299,4000,0.000000,True,0.000188,0.000008,0.000254,0.000024,0.000465,0.005134,0.000912,303299
303899,4000,0.000000,True,0.000129,0.000007,0.000200,0.000038,0.000270,0.010913,0.000600,303899
304499,4000,0.000000,True,0.000050,0.000001,0.000089,0.000020,0.000093,0.008402,0.000230,304499
305099,4000,0.000000,True,0.000125,0.000001,0.000102,0.000023,0.000373,0.012046,0.000597,305099
305699,4000,0.000000,True,0.000082,0.000002,0.000201,0.000009,0.000115,0.013598,0.000398,305699
306299,4000,0.000000,True,0.000130,0.000003,0.000224,0.000018,0.000275,0.002872,0.000629,306299
306899,4000,0.000000,True,0.000206,0.000004,0.000393,0.000043,0.000383,0.003979,0.000980,306899
307499,4000,0.000000,True,0.000085,0.000005,0.000099,0.000013,0.000223,0.006450,0.000409,307499
308099,4000,0.000000,True,0.000058,0.000001,0.000096,0.000016,0.000120,0.003076,0.000273,308099
308699,4000,0.000000,True,0.000098,0.000001,0.000105,0.000035,0.000252,0.006054,0.000452,308699
309299,4000,0.000000,True,0.000238,0.000002,0.000281,0.000065,0.000607,0.004631,0.001117,309299
309899,4000,0.000000,True,0.000101,0.000004,0.000151,0.000022,0.000226,0.002130,0.000478,309899
310499,4000,0.000000,True,0.000066,0.000001,0.000138,0.000010,0.000113,0.003332,0.000317,310499
311099,4000,0.000000,True,0.000077,0.000001,0.000106,0.000028,0.000172,0.012766,0.000351,311099
311699,4000,0.000000,True,0.000131,0.000006,0.000216,0.000026,0.000274,0.005694,0.000623,311699
312299,4000,0.000000,True,0.000116,0.000007,0.000214,0.000016,0.000224,0.012416,0.000559,312299
312899,4000,0.000000,True,0.000038,0.000002,0.000036,0.000025,0.000091,0.001841,0.000163,312899
313499,4000,0.000000,True,0.000051,0.000002,0.000085,0.000016,0.000103,0.010937,0.000239,313499
314099,4000,0.000000,True,0.000167,0.000002,0.000311,0.000047,0.000308,0.011419,0.000781,314099
314699,4000,0.000000,True,0.000195,0.000002,0.000342,0.000027,0.000409,0.005452,0.000943,314699
315299,4000,0.000000,True,0.000043,0.000005,0.000067,0.000018,0.000083,0.016653,0.000195,315299
315899,4000,0.000000,True,0.000068,0.000002,0.000061,0.000016,0.000192,0.020633,0.000321,315899
316499,4000,0.000000,True,0.000165,0.000001,0.000158,0.000028,0.000472,0.006939,0.000792,316499
317099,4000,0.000000,True,0.000077,0.000002,0.000048,0.000023,0.000234,0.005104,0.000357,317099
317699,4000,0.000000,True,0.000081,0.000005,0.000147,0.000010,0.000162,0.008551,0.000393,317699
318299,4000,0.000000,True,0.000135,0.000001,0.000160,0.000042,0.000336,0.005933,0.000626,318299
318899,4000,0.000000,True,0.000303,0.000008,0.000462,0.000084,0.000660,0.010864,0.001420,318899
319499,4000,0.000000,True,0.000107,0.000004,0.000146,0.000026,0.000250,0.004851,0.000503,319499
320099,4000,0.000000,True,0.000074,0.000004,0.000081,0.000022,0.000190,0.012159,0.000345,320099
320699,4000,0.000000,True,0.000063,0.000013,0.000048,0.000018,0.000174,0.002221,0.000295,320699
321299,4000,0.000000,True,0.000254,0.000003,0.000487,0.000039,0.000486,0.006759,0.001224,321299
321899,4000,0.000000,True,0.000106,0.000003,0.000144,0.000018,0.000260,0.010559,0.000511,321899
322499,4000,0.000000,True,0.000117,0.000013,0.000171,0.000026,0.000258,0.013482,0.000554,322499
323099,4000,0.000000,True,0.000076,0.000013,0.000074,0.000029,0.000189,0.009335,0.000347,323099
323699,4000,0.000000,True,0.000121,0.000007,0.000093,0.000018,0.000365,0.005183,0.000583,323699
324299,4000,0.000000,True,0.000121,0.000018,0.000224,0.000018,0.000222,0.023156,0.000582,324299
324899,4000,0.000001,True,0.000544,0.000023,0.000704,0.000160,0.001288,0.016318,0.002534,324899
325499,4000,0.000000,True,0.000162,0.000002,0.000169,0.000061,0.000416,0.002668,0.000740,325499
326099,4000,0.000000,True,0.000236,0.000006,0.000385,0.000046,0.000505,0.003739,0.001126,326099
326699,4000,0.000000,True,0.000102,0.000013,0.000069,0.000032,0.000294,0.010086,0.000473,326699
327299,4000,0.000000,True,0.000086,0.000011,0.000059,0.000042,0.000234,0.008735,0.000383,327299
327899,4000,0.000000,True,0.000156,0.000012,0.000262,0.000024,0.000325,0.013844,0.000751,327899
328499,4000,0.000000,True,0.000330,0.000002,0.000496,0.000073,0.000749,0.005750,0.001566,328499
329099,4000,0.000000,True,0.000075,0.000001,0.000087,0.000008,0.000204,0.009331,0.000365,329099
329699,4000,0.000000,True,0.000100,0.000001,0.000136,0.000033,0.000230,0.007203,0.000462,329699
330299,4000,0.000000,True,0.000132,0.000003,0.000234,0.000025,0.000267,0.010324,0.000631,330299
330899,4000,0.000000,True,0.000116,0.000003,0.000172,0.000028,0.000264,0.002671,0.000550,330899
331499,4000,0.000000,True,0.000062,0.000013,0.000150,0.000014,0.000073,0.008959,0.000296,331499
332099,4000,0.000000,True,0.000234,0.000021,0.000298,0.000064,0.000551,0.014833,0.001094,332099
332699,4000,0.000000,True,0.000094,0.000013,0.000148,0.000024,0.000191,0.012374,0.000442,332699
333299,4000,0.000000,True,0.000117,0.000010,0.000195,0.000029,0.000233,0.006536,0.000551,333299
333899,4000,0.000000,True,0.000166,0.000016,0.000189,0.000051,0.000407,0.015320,0.000769,333899
334499,4000,0.000000,True,0.000204,0.000020,0.000282,0.000048,0.000466,0.011682,0.000964,334499
335099,4000,0.000000,True,0.000300,0.000018,0.000453,0.000075,0.000652,0.012940,0.001411,335099
335699,4000,0.000000,True,0.000097,0.000015,0.000063,0.000033,0.000277,0.008017,0.000447,335699
336299,4000,0.000000,True,0.000129,0.000032,0.000232,0.000023,0.000229,0.011468,0.000617,336299
336899,4000,0.000000,True,0.000096,0.000015,0.000106,0.000030,0.000231,0.008003,0.000442,336899
337499,4000,0.000000,True,0.000082,0.000001,0.000034,0.000021,0.000273,0.016009,0.000387,337499
338099,4000,0.000000,True,0.000110,0.000023,0.000109,0.000025,0.000282,0.012799,0.000518,338099
338699,4000,0.000000,True,0.000146,0.000003,0.000168,0.000021,0.000392,0.011334,0.000706,338699
339299,4000,0.000000,True,0.000282,0.000004,0.000423,0.000070,0.000631,0.012437,0.001330,339299
339899,4000,0.000000,True,0.000142,0.000003,0.000257,0.000013,0.000293,0.010007,0.000693,339899
340499,4000,0.000000,True,0.000082,0.000004,0.000130,0.000018,0.000175,0.007076,0.000388,340499
341099,4000,0.000000,True,0.000252,0.000013,0.000327,0.000071,0.000599,0.007812,0.001180,341099
341699,4000,0.000000,True,0.000096,0.000018,0.000038,0.000026,0.000302,0.013683,0.000450,341699
342299,4000,0.000000,True,0.000142,0.000003,0.000193,0.000019,0.000353,0.001570,0.000687,342299
342899,4000,0.000000,True,0.000101,0.000001,0.000159,0.000024,0.000222,0.005311,0.000479,342899
343499,4000,0.000000,True,0.000112,0.000004,0.000215,0.000032,0.000197,0.018153,0.000523,343499
344099,4000,0.000000,True,0.000130,0.000003,0.000162,0.000035,0.000322,0.012461,0.000611,344099
344699,4000,0.000000,True,0.000151,0.000007,0.000219,0.000032,0.000349,0.008726,0.000720,344699
345299,4000,0.000000,True,0.000179,0.000001,0.000180,0.000036,0.000500,0.006767,0.000855,345299
345899,4000,0.000000,True,0.000242,0.000009,0.000383,0.000071,0.000505,0.017258,0.001128,345899
346499,4000,0.000000,True,0.000238,0.000002,0.000352,0.000034,0.000565,0.012611,0.001153,346499
347099,4000,0.000000,True,0.000222,0.000011,0.000300,0.000059,0.000519,0.007081,0.001044,347099
347699,4000,0.000000,True,0.000117,0.000008,0.000279,0.000024,0.000155,0.024943,0.000555,347699
348299,4000,0.000000,True,0.000230,0.000009,0.000262,0.000029,0.000620,0.011123,0.001117,348299
348899,4000,0.000000,True,0.000066,0.000020,0.000103,0.000012,0.000131,0.008129,0.000318,348899
349499,4000,0.000000,True,0.000087,0.000018,0.000152,0.000015,0.000161,0.013743,0.000415,349499
350099,4000,0.000000,True,0.000176,0.000006,0.000317,0.000028,0.000353,0.014855,0.000847,350099
350699,4000,0.000000,True,0.000061,0.000008,0.000092,0.000013,0.000132,0.006213,0.000290,350699
351299,4000,0.000000,True,0.000109,0.000002,0.000161,0.000015,0.000258,0.013252,0.000527,351299
351899,4000,0.000000,True,0.000141,0.000004,0.000205,0.000022,0.000331,0.005336,0.000677,351899
352499,4000,0.000000,True,0.000101,0.000009,0.000244,0.000037,0.000115,0.014622,0.000464,352499
353099,4000,0.000000,True,0.000135,0.000005,0.000160,0.000038,0.000338,0.002838,0.000632,353099
353699,4000,0.000000,True,0.000066,0.000009,0.000043,0.000028,0.000184,0.011383,0.000296,353699
354299,4000,0.000000,True,0.000183,0.000003,0.000287,0.000040,0.000403,0.002622,0.000870,354299
354899,4000,0.000000,True,0.000096,0.000004,0.000141,0.000026,0.000213,0.005603,0.000450,354899
355499,4000,0.000000,True,0.000067,0.000004,0.000074,0.000019,0.000171,0.006318,0.000312,355499
356099,4000,0.000000,True,0.000133,0.000008,0.000197,0.000036,0.000291,0.021998,0.000623,356099
356699,4000,0.000000,True,0.000051,0.000001,0.000055,0.000020,0.000127,0.013865,0.000231,356699
357299,4000,0.000000,True,0.000084,0.000000,0.000055,0.000013,0.000267,0.005314,0.000405,357299
357899,4000,0.000000,True,0.000075,0.000001,0.000065,0.000026,0.000210,0.001167,0.000348,357899
358499,4000,0.000000,True,0.000094,0.000001,0.000174,0.000023,0.000176,0.002561,0.000442,358499
359099,4000,0.000000,True,0.000177,0.000002,0.000257,0.000044,0.000405,0.017778,0.000834,359099
359699,4000,0.000000,True,0.000309,0.000001,0.000486,0.000065,0.000681,0.002302,0.001468,359699
360299,4000,0.000000,True,0.000182,0.000011,0.000352,0.000034,0.000333,0.015121,0.000873,360299
360899,4000,0.000000,True,0.000106,0.000003,0.000118,0.000047,0.000256,0.007827,0.000475,360899
361499,4000,0.000000,True,0.000207,0.000003,0.000281,0.000055,0.000488,0.006995,0.000971,361499
362099,4000,0.000000,True,0.000127,0.000020,0.000171,0.000031,0.000287,0.007203,0.000599,362099
362699,4000,0.000000,True,0.000066,0.000005,0.000089,0.000017,0.000154,0.023202,0.000311,362699
363299,4000,0.000000,True,0.000070,0.000014,0.000082,0.000012,0.000171,0.024064,0.000335,363299
363899,4000,0.000000,True,0.000096,0.000022,0.000063,0.000019,0.000278,0.013787,0.000455,363899
364499,4000,0.000000,True,0.000196,0.000003,0.000348,0.000062,0.000371,0.008726,0.000909,364499
365099,4000,0.000000,True,0.000092,0.000001,0.000108,0.000021,0.000239,0.002624,0.000438,365099
365699,4000,0.000000,True,0.000074,0.000002,0.000121,0.000016,0.000159,0.008036,0.000353,365699
366299,4000,0.000000,True,0.000132,0.000005,0.000111,0.000052,0.000360,0.009785,0.000601,366299
366899,4000,0.000000,True,0.000069,0.000005,0.000066,0.000008,0.000195,0.004389,0.000334,366899
367499,4000,0.000000,True,0.000144,0.000003,0.000188,0.000026,0.000359,0.009988,0.000690,367499
368099,4000,0.000000,True,0.000164,0.000001,0.000194,0.000064,0.000398,0.007611,0.000748,368099
368699,4000,0.000000,True,0.000159,0.000002,0.000200,0.000052,0.000382,0.008424,0.000735,368699
369299,4000,0.000000,True,0.000072,0.000001,0.000053,0.000024,0.000210,0.009848,0.000334,369299
369899,4000,0.000000,True,0.000241,0.000004,0.000356,0.000050,0.000554,0.013799,0.001148,369899
370499,4000,0.000000,True,0.000257,0.000012,0.000339,0.000064,0.000615,0.010029,0.001213,370499
371099,4000,0.000000,True,0.000220,0.000003,0.000347,0.000070,0.000461,0.000819,0.001021,371099
371699,4000,0.000000,True,0.000067,0.000002,0.000068,0.000019,0.000178,0.006062,0.000311,371699
372299,4000,0.000000,True,0.000081,0.000003,0.000116,0.000035,0.000170,0.010871,0.000365,372299
372899,4000,0.000000,True,0.000164,0.000006,0.000281,0.000066,0.000302,0.013068,0.000743,372899
373499,4000,0.000000,True,0.000224,0.000001,0.000384,0.000044,0.000466,0.008242,0.001068,373499
374099,4000,0.000000,True,0.000073,0.000004,0.000054,0.000026,0.000209,0.007602,0.000336,374099
374699,4000,0.000000,True,0.000047,0.000001,0.000041,0.000014,0.000134,0.003413,0.000220,374699
375299,4000,0.000000,True,0.000095,0.000001,0.000115,0.000019,0.000244,0.013790,0.000452,375299
375899,4000,0.000000,True,0.000086,0.000004,0.000161,0.000035,0.000142,0.013500,0.000388,375899
376499,4000,0.000000,True,0.000104,0.000001,0.000191,0.000010,0.000214,0.010361,0.000507,376499
377099,4000,0.000000,True,0.000062,0.000002,0.000088,0.000014,0.000145,0.002689,0.000296,377099
377699,4000,0.000000,True,0.000146,0.000003,0.000201,0.000014,0.000367,0.003828,0.000716,377699
378299,4000,0.000000,True,0.000170,0.000002,0.000209,0.000039,0.000429,0.007987,0.000804,378299
378899,4000,0.000000,True,0.000091,0.000001,0.000240,0.000009,0.000115,0.006437,0.000446,378899
379499,4000,0.000000,True,0.000082,0.000001,0.000070,0.000011,0.000246,0.022360,0.000398,379499
380099,4000,0.000000,True,0.000052,0.000001,0.000096,0.000010,0.000102,0.007743,0.000250,380099
380699,4000,0.000000,True,0.000102,0.000001,0.000092,0.000014,0.000303,0.003628,0.000496,380699
381299,4000,0.000000,True,0.000227,0.000003,0.000440,0.000046,0.000419,0.003663,0.001082,381299
381899,4000,0.000000,True,0.000111,0.000001,0.000131,0.000059,0.000254,0.005685,0.000489,381899
382499,4000,0.000000,True,0.000281,0.000002,0.000477,0.000072,0.000573,0.009696,0.001323,382499
383099,4000,0.000000,True,0.000096,0.000001,0.000146,0.000018,0.000218,0.010640,0.000457,383099
383699,4000,0.000000,True,0.000216,0.000008,0.000366,0.000037,0.000455,0.004314,0.001039,383699
384299,4000,0.000000,True,0.000128,0.000009,0.000250,0.000036,0.000216,0.017264,0.000597,384299
384899,4000,0.000000,True,0.000170,0.000002,0.000237,0.000022,0.000418,0.011990,0.000824,384899
385499,4000,0.000000,True,0.000294,0.000004,0.000478,0.000068,0.000626,0.006236,0.001393,385499
386099,4000,0.000000,True,0.000163,0.000003,0.000235,0.000044,0.000370,0.010294,0.000764,386099
386699,4000,0.000000,True,0.000053,0.000001,0.000057,0.000023,0.000133,0.010147,0.000241,386699
387299,4000,0.000000,True,0.000142,0.000002,0.000283,0.000043,0.000240,0.006939,0.000661,387299
387899,4000,0.000000,True,0.000174,0.000001,0.000270,0.000070,0.000353,0.009616,0.000788,387899
388499,4000,0.000000,True,0.000085,0.000003,0.000151,0.000025,0.000160,0.003141,0.000396,388499
389099,4000,0.000000,True,0.000038,0.000008,0.000034,0.000029,0.000080,0.036488,0.000155,389099
389699,4000,0.000000,True,0.000121,0.000007,0.000133,0.000023,0.000323,0.015931,0.000580,389699
390299,4000,0.000000,True,0.000238,0.000002,0.000437,0.000041,0.000471,0.018166,0.001143,390299
390899,4000,0.000000,True,0.000380,0.000009,0.000536,0.000109,0.000863,0.007933,0.001772,390899
391499,4000,0.000000,True,0.000074,0.000004,0.000157,0.000018,0.000116,0.021277,0.000347,391499
392099,4000,0.000000,True,0.000130,0.000008,0.000191,0.000029,0.000290,0.003350,0.000615,392099
392699,4000,0.000000,True,0.000092,0.000004,0.000168,0.000014,0.000183,0.003177,0.000445,392699
393299,4000,0.000000,True,0.000082,0.000009,0.000122,0.000034,0.000163,0.010753,0.000370,393299
393899,4000,0.000000,True,0.000054,0.000010,0.000088,0.000013,0.000104,0.011825,0.000252,393899
394499,4000,0.000000,True,0.000115,0.000017,0.000288,0.000011,0.000142,0.013568,0.000560,394499
395099,4000,0.000000,True,0.000185,0.000007,0.000231,0.000030,0.000473,0.006189,0.000891,395099
395699,4000,0.000000,True,0.000063,0.000027,0.000042,0.000025,0.000157,0.008579,0.000283,395699
396299,4000,0.000000,True,0.000099,0.000027,0.000082,0.000023,0.000264,0.017672,0.000467,396299
396899,4000,0.000000,True,0.000183,0.000011,0.000269,0.000051,0.000400,0.011797,0.000855,396899
397499,4000,0.000000,True,0.000133,0.000005,0.000216,0.000027,0.000284,0.010086,0.000634,397499
398099,4000,0.000000,True,0.000082,0.000009,0.000126,0.000014,0.000179,0.014941,0.000393,398099
398699,4000,0.000000,True,0.000280,0.000002,0.000421,0.000039,0.000656,0.013485,0.001353,398699
399299,4000,0.000000,True,0.000085,0.000002,0.000106,0.000033,0.000200,0.001367,0.000388,399299
399899,4000,0.000000,True,0.000325,0.000004,0.000526,0.000083,0.000687,0.008725,0.001530,399899
400499,4000,0.000000,True,0.000151,0.000002,0.000215,0.000016,0.000372,0.006369,0.000738,400499
401099,4000,0.000000,True,0.000044,0.000007,0.000052,0.000013,0.000103,0.019074,0.000203,401099
401699,4000,0.000000,True,0.000103,0.000010,0.000168,0.000033,0.000200,0.017770,0.000475,401699
402299,4000,0.000000,True,0.000045,0.000006,0.000082,0.000011,0.000083,0.000965,0.000214,402299
402899,4000,0.000000,True,0.000245,0.000011,0.000382,0.000041,0.000547,0.012829,0.001179,402899
403499,4000,0.000000,True,0.000255,0.000004,0.000351,0.000036,0.000627,0.007924,0.001232,403499
404099,4000,0.000000,True,0.000237,0.000005,0.000317,0.000060,0.000566,0.006720,0.001116,404099
404699,4000,0.000000,True,0.000054,0.000005,0.000075,0.000011,0.000126,0.003370,0.000259,404699
405299,4000,0.000000,True,0.000108,0.000002,0.000125,0.000024,0.000282,0.003820,0.000514,405299
405899,4000,0.000000,True,0.000153,0.000011,0.000269,0.000021,0.000311,0.031825,0.000740,405899
406499,4000,0.000000,True,0.000175,0.000001,0.000244,0.000029,0.000426,0.004284,0.000841,406499
407099,4000,0.000000,True,0.000096,0.000003,0.000135,0.000027,0.000218,0.004858,0.000447,407099
407699,4000,0.000000,True,0.000116,0.000004,0.000250,0.000018,0.000194,0.003364,0.000562,407699
408299,4000,0.000000,True,0.000197,0.000006,0.000307,0.000047,0.000426,0.009604,0.000930,408299
408899,4000,0.000000,True,0.000279,0.000009,0.000579,0.000058,0.000469,0.007378,0.001328,408899
409499,4000,0.000000,True,0.000145,0.000007,0.000204,0.000025,0.000343,0.014168,0.000695,409499
410099,4000,0.000000,True,0.000109,0.000009,0.000165,0.000029,0.000231,0.014763,0.000509,410099
410699,4000,0.000000,True,0.000105,0.000001,0.000114,0.000034,0.000271,0.008677,0.000486,410699
411299,4000,0.000000,True,0.000058,0.000001,0.000079,0.000025,0.000126,0.018185,0.000260,411299
411899,4000,0.000000,True,0.000111,0.000001,0.000299,0.000015,0.000127,0.010325,0.000536,411899
412499,4000,0.000000,True,0.000078,0.000004,0.000057,0.000016,0.000234,0.004942,0.000370,412499
413099,4000,0.000000,True,0.000081,0.000014,0.000146,0.000026,0.000139,0.003949,0.000376,413099
413699,4000,0.000000,True,0.000074,0.000016,0.000084,0.000014,0.000182,0.004778,0.000353,413699
414299,4000,0.000000,True,0.000158,0.000036,0.000223,0.000061,0.000313,0.019820,0.000720,414299
414899,4000,0.000000,True,0.000257,0.000011,0.000361,0.000065,0.000591,0.021311,0.001209,414899
415499,4000,0.000000,True,0.000117,0.000008,0.000172,0.000015,0.000273,0.002414,0.000568,415499
416099,4000,0.000000,True,0.000077,0.000002,0.000120,0.000022,0.000165,0.009561,0.000361,416099
416699,4000,0.000000,True,0.000258,0.000015,0.000450,0.000048,0.000520,0.011911,0.001235,416699
417299,4000,0.000000,True,0.000199,0.000005,0.000348,0.000023,0.000419,0.003715,0.000967,417299
417899,4000,0.000000,True,0.000115,0.000020,0.000216,0.000018,0.000205,0.007986,0.000551,417899
418499,4000,0.000000,True,0.000142,0.000010,0.000133,0.000027,0.000400,0.007887,0.000681,418499
419099,4000,0.000000,True,0.000075,0.000027,0.000117,0.000015,0.000139,0.014755,0.000355,419099
419699,4000,0.000000,True,0.000205,0.000003,0.000355,0.000042,0.000419,0.010162,0.000975,419699
420299,4000,0.000000,True,0.000086,0.000017,0.000097,0.000033,0.000199,0.013620,0.000394,420299
420899,4000,0.000000,True,0.000128,0.000020,0.000163,0.000023,0.000307,0.005217,0.000615,420899
421499,4000,0.000000,True,0.000081,0.000011,0.000144,0.000023,0.000146,0.009963,0.000377,421499
422099,4000,0.000000,True,0.000098,0.000007,0.000138,0.000025,0.000223,0.016025,0.000462,422099
422699,4000,0.000000,True,0.000204,0.000002,0.000207,0.000045,0.000561,0.010087,0.000969,422699
423299,4000,0.000000,True,0.000116,0.000007,0.000273,0.000026,0.000159,0.016967,0.000550,423299
423899,4000,0.000000,True,0.000199,0.000002,0.000234,0.000051,0.000508,0.007974,0.000934,423899
424499,4000,0.000000,True,0.000150,0.000002,0.000106,0.000043,0.000448,0.008165,0.000698,424499
425099,4000,0.000000,True,0.000095,0.000001,0.000215,0.000030,0.000133,0.007932,0.000439,425099
425699,4000,0.000000,True,0.000145,0.000011,0.000204,0.000024,0.000343,0.004572,0.000699,425699
426299,4000,0.000000,True,0.000250,0.000008,0.000455,0.000058,0.000479,0.008460,0.001184,426299
426899,4000,0.000000,True,0.000232,0.000011,0.000271,0.000062,0.000585,0.008332,0.001090,426899
427499,4000,0.000000,True,0.000146,0.000005,0.000305,0.000045,0.000231,0.006834,0.000680,427499
428099,4000,0.000000,True,0.000080,0.000014,0.000077,0.000011,0.000216,0.003685,0.000384,428099
428699,4000,0.000000,True,0.000278,0.000011,0.000454,0.000065,0.000582,0.016100,0.001315,428699
429299,4000,0.000000,True,0.000156,0.000019,0.000234,0.000049,0.000323,0.020044,0.000725,429299
429899,4000,0.000000,True,0.000216,0.000024,0.000375,0.000045,0.000420,0.018025,0.001027,429899
430499,4000,0.000000,True,0.000076,0.000004,0.000126,0.000019,0.000153,0.003895,0.000355,430499
431099,4000,0.000000,True,0.000138,0.000018,0.000131,0.000024,0.000380,0.009739,0.000663,431099
431699,4000,0.000000,True,0.000067,0.000031,0.000055,0.000009,0.000175,0.011437,0.000325,431699
432299,4000,0.000000,True,0.000151,0.000004,0.000227,0.000024,0.000349,0.006447,0.000727,432299
432899,4000,0.000000,True,0.000163,0.000017,0.000185,0.000033,0.000419,0.007380,0.000778,432899
433499,4000,0.000000,True,0.000214,0.000058,0.000379,0.000082,0.000337,0.021727,0.000973,433499
434099,4000,0.000000,True,0.000184,0.000007,0.000137,0.000056,0.000537,0.003646,0.000857,434099
434699,4000,0.000000,True,0.000156,0.000009,0.000255,0.000030,0.000330,0.007721,0.000744,434699
435299,4000,0.000000,True,0.000126,0.000013,0.000214,0.000018,0.000259,0.010039,0.000609,435299
435899,4000,0.000000,True,0.000139,0.000017,0.000174,0.000040,0.000327,0.010443,0.000650,435899
436499,4000,0.000000,True,0.000177,0.000010,0.000171,0.000031,0.000497,0.005123,0.000850,436499
437099,4000,0.000000,True,0.000082,0.000012,0.000069,0.000018,0.000230,0.012036,0.000390,437099
437699,4000,0.000000,True,0.000072,0.000009,0.000101,0.000022,0.000156,0.002013,0.000334,437699
438299,4000,0.000000,True,0.000088,0.000002,0.000071,0.000021,0.000259,0.002621,0.000416,438299
438899,4000,0.000000,True,0.000157,0.000004,0.000243,0.000020,0.000362,0.016471,0.000763,438899
439499,4000,0.000000,True,0.000086,0.000005,0.000113,0.000029,0.000197,0.001372,0.000397,439499
440099,4000,0.000000,True,0.000291,0.000010,0.000348,0.000056,0.000750,0.013338,0.001390,440099
440699,4000,0.000000,True,0.000098,0.000015,0.000139,0.000026,0.000211,0.005292,0.000458,440699
441299,4000,0.000000,True,0.000108,0.000007,0.000144,0.000026,0.000253,0.009886,0.000509,441299
441899,4000,0.000000,True,0.000165,0.000002,0.000262,0.000042,0.000353,0.009504,0.000775,441899
442499,4000,0.000000,True,0.000155,0.000015,0.000241,0.000026,0.000338,0.001583,0.000745,442499
443099,4000,0.000000,True,0.000089,0.000003,0.000056,0.000012,0.000284,0.005000,0.000429,443099
443699,4000,0.000000,True,0.000103,0.000034,0.000106,0.000014,0.000259,0.011841,0.000499,443699
444299,4000,0.000000,True,0.000183,0.000004,0.000226,0.000035,0.000468,0.013698,0.000877,444299
444899,4000,0.000000,True,0.000295,0.000006,0.000414,0.000072,0.000687,0.012192,0.001390,444899
445499,4000,0.000000,True,0.000206,0.000035,0.000276,0.000045,0.000468,0.020781,0.000977,445499
446099,4000,0.000000,True,0.000089,0.000010,0.000153,0.000013,0.000181,0.008385,0.000431,446099
446699,4000,0.000000,True,0.000184,0.000012,0.000196,0.000036,0.000491,0.007312,0.000878,446699
447299,4000,0.000000,True,0.000089,0.000006,0.000162,0.000025,0.000163,0.005252,0.000417,447299
447899,4000,0.000000,True,0.000150,0.000027,0.000263,0.000031,0.000279,0.010183,0.000713,447899
448499,4000,0.000000,True,0.000138,0.000020,0.000143,0.000030,0.000360,0.002438,0.000655,448499
449099,4000,0.000000,True,0.000135,0.000010,0.000137,0.000030,0.000364,0.019571,0.000641,449099
449699,4000,0.000000,True,0.000286,0.000011,0.000432,0.000092,0.000610,0.014609,0.001325,449699
450299,4000,0.000000,True,0.000092,0.000011,0.000070,0.000030,0.000259,0.003218,0.000427,450299
450899,4000,0.000000,True,0.000110,0.000018,0.000171,0.000025,0.000225,0.010365,0.000519,450899
451499,4000,0.000000,True,0.000152,0.000006,0.000221,0.000034,0.000347,0.011929,0.000720,451499
452099,4000,0.000000,True,0.000184,0.000007,0.000374,0.000031,0.000323,0.005160,0.000883,452099
452699,4000,0.000000,True,0.000102,0.000016,0.000116,0.000015,0.000261,0.004242,0.000492,452699
453299,4000,0.000000,True,0.000065,0.000001,0.000096,0.000009,0.000152,0.004006,0.000312,453299
453899,4000,0.000000,True,0.000255,0.000008,0.000333,0.000056,0.000625,0.006340,0.001212,453899
454499,4000,0.000000,True,0.000068,0.000008,0.000023,0.000033,0.000206,0.005167,0.000300,454499
455099,4000,0.000000,True,0.000211,0.000007,0.000212,0.000026,0.000598,0.016202,0.001024,455099
455699,4000,0.000000,True,0.000211,0.000009,0.000231,0.000025,0.000580,0.005977,0.001028,455699
456299,4000,0.000000,True,0.000120,0.000008,0.000213,0.000027,0.000234,0.002961,0.000571,456299
456899,4000,0.000000,True,0.000086,0.000010,0.000158,0.000028,0.000146,0.002540,0.000396,456899
457499,4000,0.000000,True,0.000160,0.000004,0.000159,0.000035,0.000443,0.001702,0.000760,457499
458099,4000,0.000000,True,0.000109,0.000004,0.000238,0.000013,0.000183,0.014521,0.000533,458099
458699,4000,0.000000,True,0.000066,0.000009,0.000054,0.000030,0.000172,0.003378,0.000298,458699
459299,4000,0.000000,True,0.000237,0.000003,0.000346,0.000040,0.000556,0.003180,0.001137,459299
459899,4000,0.000000,True,0.000066,0.000007,0.000043,0.000008,0.000208,0.010713,0.000323,459899
460499,4000,0.000000,True,0.000089,0.000012,0.000073,0.000013,0.000257,0.014057,0.000429,460499
461099,4000,0.000000,True,0.000073,0.000009,0.000034,0.000022,0.000225,0.009100,0.000337,461099
461699,4000,0.000000,True,0.000144,0.000012,0.000151,0.000044,0.000369,0.016122,0.000669,461699
462299,4000,0.000000,True,0.000111,0.000001,0.000156,0.000018,0.000267,0.005953,0.000532,462299
462899,4000,0.000000,True,0.000132,0.000002,0.000153,0.000036,0.000338,0.007942,0.000620,462899
463499,4000,0.000000,True,0.000300,0.000004,0.000473,0.000084,0.000638,0.006103,0.001402,463499
464099,4000,0.000000,True,0.000206,0.000009,0.000238,0.000047,0.000530,0.002049,0.000975,464099
464699,4000,0.000000,True,0.000088,0.000002,0.000126,0.000025,0.000198,0.012982,0.000410,464699
465299,4000,0.000000,True,0.000119,0.000001,0.000340,0.000030,0.000107,0.008991,0.000563,465299
465899,4000,0.000000,True,0.000044,0.000001,0.000030,0.000025,0.000119,0.005509,0.000190,465899
466499,4000,0.000000,True,0.000053,0.000002,0.000066,0.000021,0.000122,0.027578,0.000239,466499
467099,4000,0.000000,True,0.000265,0.000004,0.000420,0.000061,0.000574,0.003569,0.001253,467099
467699,4000,0.000000,True,0.000105,0.000002,0.000094,0.000030,0.000294,0.009137,0.000491,467699
468299,4000,0.000000,True,0.000087,0.000001,0.000110,0.000014,0.000225,0.004983,0.000422,468299
468899,4000,0.000000,True,0.000145,0.000002,0.000179,0.000017,0.000382,0.010358,0.000705,468899
469499,4000,0.000000,True,0.000072,0.000003,0.000112,0.000029,0.000145,0.021114,0.000329,469499
470099,4000,0.000000,True,0.000119,0.000002,0.000257,0.000046,0.000169,0.007543,0.000540,470099
470699,4000,0.000000,True,0.000136,0.000000,0.000309,0.000024,0.000213,0.008531,0.000655,470699
471299,4000,0.000000,True,0.000323,0.000004,0.000556,0.000063,0.000670,0.009563,0.001544,471299
471899,4000,0.000000,True,0.000281,0.000003,0.000464,0.000070,0.000587,0.005496,0.001324,471899
472499,4000,0.000000,True,0.000129,0.000002,0.000303,0.000012,0.000198,0.001687,0.000629,472499
473099,4000,0.000000,True,0.000221,0.000002,0.000344,0.000032,0.000507,0.005782,0.001069,473099
473699,4000,0.000000,True,0.000179,0.000023,0.000288,0.000061,0.000343,0.008351,0.000823,473699
474299,4000,0.000000,True,0.000061,0.000028,0.000110,0.000010,0.000097,0.012292,0.000293,474299
474899,4000,0.000000,True,0.000044,0.000009,0.000033,0.000021,0.000114,0.004428,0.000198,474899
475499,4000,0.000000,True,0.000110,0.000037,0.000205,0.000037,0.000161,0.015729,0.000505,475499
476099,4000,0.000000,True,0.000098,0.000012,0.000069,0.000042,0.000269,0.011841,0.000441,476099
476699,4000,0.000000,True,0.000164,0.000023,0.000191,0.000035,0.000409,0.014557,0.000781,476699
477299,4000,0.000000,True,0.000144,0.000012,0.000176,0.000035,0.000352,0.008533,0.000678,477299
477899,4000,0.000000,True,0.000136,0.000016,0.000251,0.000032,0.000246,0.004317,0.000644,477899
478499,4000,0.000000,True,0.000171,0.000036,0.000274,0.000026,0.000348,0.006920,0.000823,478499
479099,4000,0.000000,True,0.000204,0.000008,0.000306,0.000046,0.000455,0.001014,0.000965,479099
479699,4000,0.000000,True,0.000149,0.000007,0.000246,0.000046,0.000297,0.005274,0.000693,479699
480299,4000,0.000000,True,0.000122,0.000019,0.000210,0.000016,0.000243,0.008886,0.000592,480299
480899,4000,0.000000,True,0.000105,0.000013,0.000112,0.000023,0.000270,0.007272,0.000496,480899
481499,4000,0.000000,True,0.000060,0.000030,0.000041,0.000013,0.000158,0.013734,0.000286,481499
482099,4000,0.000000,True,0.000065,0.000046,0.000093,0.000015,0.000105,0.005628,0.000305,482099
482699,4000,0.000000,True,0.000106,0.000029,0.000179,0.000015,0.000201,0.010000,0.000513,482699
483299,4000,0.000000,True,0.000082,0.000005,0.000079,0.000035,0.000207,0.010161,0.000367,483299
483899,4000,0.000000,True,0.000176,0.000009,0.000252,0.000041,0.000402,0.012338,0.000832,483899
484499,4000,0.000000,True,0.000084,0.000004,0.000086,0.000026,0.000222,0.008685,0.000392,484499
485099,4000,0.000000,True,0.000133,0.000003,0.000197,0.000033,0.000299,0.012631,0.000627,485099
485699,4000,0.000000,True,0.000227,0.000005,0.000299,0.000065,0.000539,0.006877,0.001060,485699
486299,4000,0.000000,True,0.000125,0.000002,0.000161,0.000014,0.000324,0.002569,0.000609,486299
486899,4000,0.000000,True,0.000078,0.000001,0.000149,0.000034,0.000130,0.016252,0.000353,486899
487499,4000,0.000000,True,0.000082,0.000001,0.000160,0.000014,0.000153,0.012389,0.000394,487499
488099,4000,0.000000,True,0.000302,0.000002,0.000474,0.000045,0.000685,0.001355,0.001457,488099
488699,4000,0.000000,True,0.000127,0.000004,0.000161,0.000014,0.000329,0.009030,0.000617,488699
489299,4000,0.000000,True,0.000178,0.000004,0.000281,0.000052,0.000375,0.020077,0.000831,489299
489899,4000,0.000000,True,0.000110,0.000013,0.000213,0.000029,0.000186,0.012477,0.000518,489899
490499,4000,0.000000,True,0.000143,0.000011,0.000159,0.000033,0.000370,0.003088,0.000678,490499
491099,4000,0.000000,True,0.000173,0.000008,0.000251,0.000028,0.000405,0.000221,0.000833,491099
491699,4000,0.000000,True,0.000095,0.000013,0.000163,0.000023,0.000183,0.012100,0.000450,491699
492299,4000,0.000000,True,0.000229,0.000011,0.000436,0.000071,0.000397,0.007171,0.001062,492299
492899,4000,0.000000,True,0.000109,0.000045,0.000045,0.000026,0.000320,0.027936,0.000513,492899
493499,4000,0.000000,True,0.000131,0.000020,0.000215,0.000031,0.000259,0.005599,0.000620,493499
494099,4000,0.000000,True,0.000125,0.000019,0.000096,0.000039,0.000346,0.010551,0.000579,494099
494699,4000,0.000000,True,0.000079,0.000008,0.000158,0.000018,0.000133,0.003088,0.000376,494699
495299,4000,0.000000,True,0.000104,0.000020,0.000112,0.000025,0.000259,0.005896,0.000489,495299
495899,4000,0.000000,True,0.000109,0.000008,0.000157,0.000033,0.000239,0.007814,0.000508,495899
496499,4000,0.000000,True,0.000157,0.000010,0.000244,0.000039,0.000337,0.014418,0.000742,496499
497099,4000,0.000000,True,0.000068,0.000003,0.000112,0.000023,0.000134,0.011393,0.000312,497099
497699,4000,0.000000,True,0.000161,0.000002,0.000226,0.000028,0.000390,0.014943,0.000775,497699
498299,4000,0.000000,True,0.000134,0.000010,0.000173,0.000013,0.000341,0.017431,0.000655,498299
498899,4000,0.000000,True,0.000057,0.000001,0.000105,0.000008,0.000113,0.006757,0.000276,498899
499499,4000,0.000000,True,0.000169,0.000010,0.000247,0.000033,0.000385,0.011894,0.000805,499499
500099,4000,0.000000,True,0.000205,0.000008,0.000274,0.000065,0.000472,0.007736,0.000948,500099
500699,4000,0.000000,True,0.000169,0.000021,0.000190,0.000047,0.000417,0.024866,0.000789,500699
501299,4000,0.000000,True,0.000198,0.000003,0.000290,0.000055,0.000446,0.007345,0.000929,501299
501899,4000,0.000000,True,0.000347,0.000018,0.000597,0.000046,0.000727,0.028749,0.001681,501899
502499,4000,0.000000,True,0.000104,0.000003,0.000160,0.000024,0.000230,0.002373,0.000493,502499
503099,4000,0.000000,True,0.000121,0.000005,0.000134,0.000022,0.000323,0.006141,0.000579,503099
503699,4000,0.000000,True,0.000132,0.000003,0.000253,0.000033,0.000237,0.013843,0.000620,503699
504299,4000,0.000000,True,0.000344,0.000015,0.000610,0.000045,0.000708,0.004707,0.001669,504299
504899,4000,0.000000,True,0.000115,0.000007,0.000127,0.000025,0.000302,0.014904,0.000547,504899
505499,4000,0.000000,True,0.000185,0.000008,0.000276,0.000029,0.000429,0.002130,0.000894,505499
506099,4000,0.000000,True,0.000102,0.000007,0.000060,0.000015,0.000324,0.008235,0.000491,506099
506699,4000,0.000000,True,0.000152,0.000002,0.000246,0.000024,0.000335,0.020655,0.000730,506699
507299,4000,0.000000,True,0.000113,0.000024,0.000165,0.000025,0.000241,0.022998,0.000538,507299
507899,4000,0.000000,True,0.000193,0.000005,0.000315,0.000057,0.000393,0.011596,0.000897,507899
508499,4000,0.000000,True,0.000116,0.000022,0.000096,0.000020,0.000325,0.011421,0.000555,508499
509099,4000,0.000000,True,0.000277,0.000010,0.000292,0.000083,0.000724,0.000772,0.001290,509099
509699,4000,0.000000,True,0.000096,0.000032,0.000112,0.000034,0.000206,0.023769,0.000440,509699
510299,4000,0.000000,True,0.000242,0.000012,0.000354,0.000059,0.000542,0.009749,0.001140,510299
510899,4000,0.000000,True,0.000071,0.000016,0.000109,0.000010,0.000149,0.008584,0.000343,510899
511499,4000,0.000000,True,0.000157,0.000007,0.000193,0.000019,0.000407,0.007447,0.000761,511499
512099,4000,0.000000,True,0.000079,0.000023,0.000123,0.000011,0.000159,0.011876,0.000381,512099
512699,4000,0.000000,True,0.000218,0.000006,0.000259,0.000064,0.000542,0.008946,0.001015,512699
513299,4000,0.000000,True,0.000182,0.000014,0.000259,0.000048,0.000408,0.006082,0.000856,513299
513899,4000,0.000000,True,0.000050,0.000004,0.000022,0.000016,0.000157,0.009239,0.000230,513899
514499,4000,0.000000,True,0.000135,0.000007,0.000235,0.000024,0.000273,0.006896,0.000646,514499
515099,4000,0.000000,True,0.000292,0.000006,0.000523,0.000080,0.000561,0.005773,0.001370,515099
515699,4000,0.000000,True,0.000228,0.000009,0.000401,0.000034,0.000466,0.005825,0.001099,515699
516299,4000,0.000000,True,0.000176,0.000004,0.000217,0.000020,0.000464,0.001566,0.000858,516299
516899,4000,0.000000,True,0.000337,0.000017,0.000434,0.000056,0.000842,0.012551,0.001621,516899
517499,4000,0.000000,True,0.000079,0.000014,0.000089,0.000040,0.000174,0.019485,0.000350,517499
518099,4000,0.000000,True,0.000130,0.000006,0.000182,0.000039,0.000293,0.004751,0.000604,518099
518699,4000,0.000000,True,0.000199,0.000005,0.000158,0.000027,0.000604,0.003487,0.000962,518699
519299,4000,0.000000,True,0.000139,0.000023,0.000161,0.000015,0.000358,0.013450,0.000679,519299
519899,4000,0.000000,True,0.000114,0.000012,0.000088,0.000020,0.000336,0.014411,0.000546,519899
520499,4000,0.000000,True,0.000105,0.000003,0.000179,0.000028,0.000208,0.004667,0.000492,520499
521099,4000,0.000000,True,0.000293,0.000006,0.000424,0.000078,0.000665,0.008668,0.001375,521099
521699,4000,0.000000,True,0.000211,0.000019,0.000344,0.000029,0.000452,0.021120,0.001021,521699
522299,4000,0.000000,True,0.000077,0.000010,0.000163,0.000009,0.000127,0.004299,0.000376,522299
522899,4000,0.000000,True,0.000139,0.000006,0.000170,0.000028,0.000350,0.003872,0.000660,522899
523499,4000,0.000000,True,0.000156,0.000004,0.000292,0.000034,0.000293,0.002519,0.000740,523499
524099,4000,0.000000,True,0.000133,0.000005,0.000082,0.000030,0.000417,0.006713,0.000632,524099
524699,4000,0.000000,True,0.000298,0.000001,0.000470,0.000057,0.000665,0.005250,0.001427,524699
525299,4000,0.000000,True,0.000143,0.000008,0.000237,0.000046,0.000282,0.009789,0.000663,525299
525899,4000,0.000000,True,0.000055,0.000010,0.000096,0.000010,0.000104,0.004918,0.000263,525899
526499,4000,0.000000,True,0.000107,0.000003,0.000069,0.000022,0.000334,0.009840,0.000509,526499
527099,4000,0.000000,True,0.000082,0.000006,0.000134,0.000020,0.000168,0.011855,0.000387,527099
527699,4000,0.000000,True,0.000194,0.000007,0.000308,0.000055,0.000405,0.008633,0.000906,527699
528299,4000,0.000000,True,0.000082,0.000022,0.000086,0.000041,0.000179,0.007278,0.000361,528299
528899,4000,0.000000,True,0.000172,0.000015,0.000230,0.000044,0.000398,0.018732,0.000808,528899
529499,4000,0.000000,True,0.000206,0.000015,0.000272,0.000060,0.000476,0.011246,0.000959,529499
530099,4000,0.000000,True,0.000090,0.000028,0.000120,0.000025,0.000189,0.023417,0.000422,530099
530699,4000,0.000000,True,0.000064,0.000010,0.000101,0.000039,0.000106,0.008788,0.000276,530699
531299,4000,0.000000,True,0.000040,0.000007,0.000064,0.000010,0.000079,0.006683,0.000188,531299
531899,4000,0.000000,True,0.000116,0.000004,0.000328,0.000015,0.000119,0.004946,0.000565,531899
532499,4000,0.000000,True,0.000218,0.000012,0.000250,0.000073,0.000537,0.028708,0.001005,532499
533099,4000,0.000000,True,0.000096,0.000001,0.000097,0.000019,0.000266,0.007456,0.000458,533099
533699,4000,0.000000,True,0.000106,0.000009,0.000151,0.000013,0.000250,0.018396,0.000513,533699
534299,4000,0.000000,True,0.000134,0.000024,0.000195,0.000016,0.000302,0.012213,0.000652,534299
534899,4000,0.000000,True,0.000109,0.000016,0.000154,0.000026,0.000240,0.013313,0.000513,534899
535499,4000,0.000000,True,0.000118,0.000009,0.000199,0.000031,0.000232,0.005186,0.000552,535499
536099,4000,0.000000,True,0.000290,0.000008,0.000500,0.000061,0.000589,0.001448,0.001377,536099
536699,4000,0.000000,True,0.000083,0.000007,0.000133,0.000029,0.000162,0.004835,0.000381,536699
537299,4000,0.000000,True,0.000061,0.000015,0.000084,0.000021,0.000125,0.008214,0.000282,537299
537899,4000,0.000000,True,0.000147,0.000012,0.000262,0.000030,0.000283,0.008739,0.000699,537899
538499,4000,0.000000,True,0.000105,0.000011,0.000152,0.000020,0.000236,0.006014,0.000500,538499
539099,4000,0.000000,True,0.000088,0.000012,0.000137,0.000023,0.000181,0.008518,0.000414,539099
539699,4000,0.000000,True,0.000122,0.000006,0.000198,0.000023,0.000261,0.009882,0.000584,539699
540299,4000,0.000000,True,0.000165,0.000009,0.000224,0.000030,0.000397,0.007492,0.000790,540299
540899,4000,0.000000,True,0.000401,0.000010,0.000601,0.000072,0.000921,0.015537,0.001922,540899
541499,4000,0.000000,True,0.000109,0.000005,0.000216,0.000023,0.000191,0.012393,0.000517,541499
542099,4000,0.000000,True,0.000164,0.000003,0.000261,0.000045,0.000348,0.004885,0.000769,542099
542699,4000,0.000000,True,0.000169,0.000003,0.000270,0.000043,0.000359,0.010780,0.000794,542699
543299,4000,0.000000,True,0.000051,0.000014,0.000045,0.000014,0.000131,0.014842,0.000237,543299
543899,4000,0.000000,True,0.000183,0.000010,0.000227,0.000053,0.000443,0.009619,0.000855,543899
544499,4000,0.000000,True,0.000039,0.000002,0.000054,0.000018,0.000084,0.003882,0.000177,544499
545099,4000,0.000000,True,0.000068,0.000015,0.000085,0.000008,0.000163,0.008599,0.000329,545099
545699,4000,0.000000,True,0.000025,0.000002,0.000026,0.000021,0.000052,0.012716,0.000102,545699
546299,4000,0.000000,True,0.000067,0.000001,0.000113,0.000022,0.000133,0.005932,0.000310,546299
546899,4000,0.000000,True,0.000041,0.000002,0.000060,0.000016,0.000084,0.003012,0.000184,546899
547499,4000,0.000000,True,0.000078,0.000004,0.000105,0.000018,0.000185,0.001908,0.000370,547499
548099,4000,0.000000,True,0.000153,0.000002,0.000324,0.000028,0.000259,0.008627,0.000734,548099
548699,4000,0.000000,True,0.000152,0.000002,0.000301,0.000020,0.000286,0.006699,0.000738,548699
549299,4000,0.000000,True,0.000095,0.000001,0.000088,0.000015,0.000275,0.012567,0.000457,549299
549899,4000,0.000000,True,0.000067,0.000001,0.000117,0.000009,0.000139,0.006623,0.000323,549899
550499,4000,0.000000,True,0.000095,0.000005,0.000166,0.000010,0.000199,0.005253,0.000463,550499
551099,4000,0.000000,True,0.000164,0.000005,0.000234,0.000041,0.000376,0.022273,0.000773,551099
551699,4000,0.000000,True,0.000173,0.000003,0.000216,0.000048,0.000426,0.017022,0.000811,551699
552299,4000,0.000000,True,0.000083,0.000005,0.000086,0.000011,0.000231,0.011809,0.000403,552299
552899,4000,0.000000,True,0.000131,0.000009,0.000277,0.000028,0.000210,0.005569,0.000623,552899
553499,4000,0.000000,True,0.000087,0.000006,0.000091,0.000024,0.000228,0.006151,0.000409,553499
554099,4000,0.000000,True,0.000098,0.000009,0.000133,0.000033,0.000218,0.016907,0.000453,554099
554699,4000,0.000000,True,0.000084,0.000006,0.000139,0.000016,0.000174,0.007857,0.000400,554699
555299,4000,0.000000,True,0.000055,0.000016,0.000055,0.000021,0.000129,0.011486,0.000253,555299
555899,4000,0.000000,True,0.000199,0.000014,0.000203,0.000040,0.000539,0.001581,0.000948,555899
556499,4000,0.000000,True,0.000139,0.000011,0.000196,0.000025,0.000324,0.014030,0.000666,556499
557099,4000,0.000000,True,0.000222,0.000008,0.000395,0.000070,0.000414,0.007741,0.001029,557099
557699,4000,0.000000,True,0.000337,0.000007,0.000571,0.000105,0.000665,0.003899,0.001565,557699
558299,4000,0.000000,True,0.000060,0.000004,0.000103,0.000015,0.000118,0.006341,0.000283,558299
558899,4000,0.000000,True,0.000128,0.000003,0.000199,0.000025,0.000286,0.007399,0.000612,558899
559499,4000,0.000000,True,0.000090,0.000006,0.000172,0.000041,0.000143,0.013412,0.000405,559499
560099,4000,0.000000,True,0.000227,0.000003,0.000400,0.000054,0.000452,0.009906,0.001074,560099
560699,4000,0.000000,True,0.000099,0.000001,0.000119,0.000030,0.000246,0.001140,0.000461,560699
561299,4000,0.000000,True,0.000085,0.000005,0.000123,0.000035,0.000176,0.006782,0.000384,561299
561899,4000,0.000000,True,0.000098,0.000008,0.000065,0.000035,0.000283,0.010997,0.000448,561899
562499,4000,0.000000,True,0.000145,0.000009,0.000114,0.000041,0.000417,0.011109,0.000679,562499
563099,4000,0.000000,True,0.000096,0.000004,0.000121,0.000017,0.000241,0.001869,0.000460,563099
563699,4000,0.000000,True,0.000101,0.000005,0.000041,0.000044,0.000312,0.012169,0.000452,563699
564299,4000,0.000000,True,0.000069,0.000007,0.000131,0.000019,0.000117,0.006786,0.000321,564299
564899,4000,0.000000,True,0.000068,0.000009,0.000099,0.000008,0.000156,0.009972,0.000330,564899
565499,4000,0.000000,True,0.000132,0.000013,0.000177,0.000030,0.000307,0.019880,0.000623,565499
566099,4000,0.000000,True,0.000095,0.000002,0.000199,0.000010,0.000169,0.005839,0.000462,566099
566699,4000,0.000000,True,0.000057,0.000005,0.000066,0.000011,0.000148,0.009909,0.000275,566699
567299,4000,0.000000,True,0.000324,0.000005,0.000474,0.000070,0.000749,0.011842,0.001541,567299
567899,4000,0.000000,True,0.000155,0.000014,0.000164,0.000037,0.000405,0.017487,0.000732,567899
